Available Stock,Free Space(Pallets),Initial Stock,Product IDs,Product Name,Relative Humadity(Percentage),Section Capacity,Section IDs,ShelfLife (Days),Stock IN,Stock Out,Temaparature (Degree Fahrenheit),Temparature Zone,Warehouse IDs
2600,1400,2000,PRO1001,Potatos,70,4000,SEC1001,320,1500,900,41,Refrigerated,WWE1001
3100,900,2000,PRO1002,Onions,70,4000,SEC1002,320,1500,400,41,Refrigerated,WWE1001
2700,1300,2000,PRO1003,Tomatos,70,4000,SEC1003,320,1000,300,41,Refrigerated,WWE1001
2200,1800,2000,PRO1004,Beet Roots,71,4000,SEC1004,320,500,300,41,Refrigerated,WWE1001
2600,1400,2000,PRO1005,Carrots,71,4000,SEC1005,452,1000,400,41,Refrigerated,WWE1001
2500,1500,2000,PRO1006,Ferrero Rocher,71,4000,SEC1006,750,1000,500,41,Refrigerated,WWE1001
2600,1400,2000,PRO1007,Cadbury Dairy Milk,71,4000,SEC1007,650,1000,400,37,Refrigerated,WWE1001
1700,2300,2000,PRO1008,Hershey's,85,4000,SEC1008,700,500,800,37,Refrigerated,WWE1001
2700,1300,2000,PRO1009,Skim Milk,85,4000,SEC1009,700,1000,300,37,Refrigerated,WWE1001
2600,1400,2000,PRO1010,Lowfat Milk,85,4000,SEC1010,700,1000,400,37,Refrigerated,WWE1001
2700,1300,2000,PRO1011,Jellied eels,45,4000,SEC1011,650,1000,300,23,Frozen,WWE1001
2700,1300,2200,PRO1012,MonkFish,45,4000,SEC1012,650,1000,500,23,Frozen,WWE1001
2800,1200,2200,PRO1013,Basa,45,4000,SEC1013,650,1000,400,23,Frozen,WWE1001
2200,1800,2200,PRO1014,Yoplait,85,4000,SEC1014,650,500,500,37,Refrigerated,WWE1001
2900,1100,2200,PRO1015,Chobani,85,4000,SEC1015,650,1000,300,37,Refrigerated,WWE1001
2300,900,2200,PRO1016,Dannon,90,3200,SEC1016,750,500,400,37,Refrigerated,WWE1001
2700,500,2200,PRO1017,Apple,90,3200,SEC1017,750,1000,500,37,Refrigerated,WWE1001
2400,800,2200,PRO1018,Banana,90,3200,SEC1018,550,500,300,37,Refrigerated,WWE1001
3200,0,2200,PRO1019,Mango,90,3200,SEC1019,550,1500,500,45,Refrigerated,WWE1001
3300,700,2200,PRO1020,Orange,90,4000,SEC1020,550,1500,400,45,Refrigerated,WWE1001
2500,700,1800,PRO1021,Strawberries,91,3200,SEC1021,550,1000,300,45,Refrigerated,WWE1001
2500,700,1800,PRO1022,Adobe Breads,91,3200,SEC1022,550,1000,300,45,Refrigerated,WWE1001
2500,700,1800,PRO1023,Liberica,91,3200,SEC1023,321,1000,300,45,Refrigerated,WWE1001
2500,700,1800,PRO1024,Excelsa,91,3200,SEC1024,321,1000,300,45,Refrigerated,WWE1001
2400,800,1800,PRO1025,Bigelow�Tea�Company,91,3200,SEC1025,321,1000,400,40,Refrigerated,WWE1001
2000,1200,1800,PRO1026,Yogi�Tea,75,3200,SEC1026,321,500,300,40,Refrigerated,WWE1001
2300,900,1800,PRO1027,Chicken Packaged,52,3200,SEC1027,730,1000,500,23,Frozen,WWE1001
2300,900,1800,PRO1028,Beef Packaged,52,3200,SEC1028,730,1000,500,14,Frozen,WWE1001
2400,800,1800,PRO1029,Pork Packaged,52,3200,SEC1029,730,1000,400,14,Frozen,WWE1001
1800,1400,1800,PRO1030,Philadelphia,75,3200,SEC1030,730,500,500,40,Refrigerated,WWE1001
2400,800,1800,PRO1031,American Garden,75,3200,SEC1031,730,1000,400,40,Refrigerated,WWE1001
2000,1200,1800,PRO1032,Chicken's Egg,45,3200,SEC1032,730,500,300,14,Frozen,WWE1001
2900,300,1800,PRO1033,Capcicums,75,3200,SEC1033,730,1500,400,40,Refrigerated,WWE1001
1800,1400,1800,PRO1034,Milk Mist,75,3200,SEC1034,730,500,500,39,Refrigerated,WWE1001
3000,200,1800,PRO1035,Nandini,75,3200,SEC1035,730,1500,300,39,Refrigerated,WWE1001
1900,1300,1800,PRO1036,Pine Apple,75,3200,SEC1036,550,500,400,39,Refrigerated,WWE1001
2800,400,1800,PRO1037,Goava,75,3200,SEC1037,550,1500,500,39,Refrigerated,WWE1001
2500,700,1800,PRO1038,Anadama Breads,75,3200,SEC1038,550,1000,300,43,Refrigerated,WWE1001
1900,1300,1800,PRO1039,Arabica,80,3200,SEC1039,550,500,400,43,Refrigerated,WWE1001
2800,400,1800,PRO1040,Lettuce Leaf,80,3200,SEC1040,550,1500,500,43,Refrigerated,WWE1001
1300,1900,1800,PRO1041,Zinfandel,80,3200,SEC1041,550,0,500,43,Refrigerated,WWE1001
1300,1900,1800,PRO1042,Syrah,80,3200,SEC1042,550,0,500,43,Refrigerated,WWE1001
1300,1900,1800,PRO1043,Chardonnay,80,3200,SEC1043,620,0,500,43,Refrigerated,WWE1001
1300,1900,1800,PRO1044,Merlot,65,3200,SEC1044,620,0,500,43,Refrigerated,WWE1001
1300,1900,1800,PRO1045,Luzianne�,65,3200,SEC1045,620,0,500,43,Refrigerated,WWE1001
1300,1900,1800,PRO1046,Robusta,65,3200,SEC1046,620,0,500,33,Refrigerated,WWE1001
2200,1000,2200,PRO1047,Red Diamond,65,3200,SEC1047,450,0,0,33,Refrigerated,WWE1001
2200,1000,2200,PRO1048,Boston Brown Breads,65,3200,SEC1048,450,0,0,33,Refrigerated,WWE1001
2200,1000,2200,PRO1049,Cuban Breads,65,3200,SEC1049,450,0,0,33,Refrigerated,WWE1001
2200,1000,2200,PRO1050,Grahum Breads,65,3200,SEC1050,450,0,0,31,Refrigerated,WWE1001
3000,200,2000,PRO1051,Tazo and Teavana,65,3200,SEC1051,450,1500,500,31,Refrigerated,WWE1001
3000,2600,2000,PRO1052,CANDLES,70,5600,SEC1052,320,1500,500,41,Refrigerated,WWE1001
3100,2500,2000,PRO1053,FILM,70,5600,SEC1053,320,1500,400,41,Refrigerated,WWE1001
2700,2900,2000,PRO1054,ARTWORK,70,5600,SEC1054,320,1000,300,41,Refrigerated,WWE1001
2200,3400,2000,PRO1055,PLANTS,71,5600,SEC1055,320,500,300,41,Refrigerated,WWE1001
2600,3000,2000,PRO1056,LIPSTICK,71,5600,SEC1056,452,1000,400,41,Refrigerated,WWE1001
2500,3100,2000,PRO1057,COLOGNE,71,5600,SEC1057,750,1000,500,41,Refrigerated,WWE1001
2600,3000,2000,PRO1058,MEDICINE,71,5600,SEC1058,650,1000,400,37,Refrigerated,WWE1001
2000,3600,2000,PRO1059,Natural peanut butter,85,5600,SEC1059,700,500,500,37,Refrigerated,WWE1001
2700,2900,2000,PRO1060,Home-made cookies,85,5600,SEC1060,700,1000,300,37,Refrigerated,WWE1001
2600,3000,2000,PRO1061,Graden seeds,85,5600,SEC1061,700,1000,400,37,Refrigerated,WWE1001
2700,2900,2000,PRO1062,Avocados,45,5600,SEC1062,650,1000,300,23,Frozen,WWE1001
2700,2900,2200,PRO1063,Whole wheat flour,45,5600,SEC1063,650,1000,500,23,Frozen,WWE1001
2800,2800,2200,PRO1064,Cut Flowers,45,5600,SEC1064,650,1000,400,23,Frozen,WWE1001
2200,3400,2200,PRO1065,Apricots,85,5600,SEC1065,650,500,500,37,Refrigerated,WWE1001
2900,2700,2200,PRO1066,Asparagus,85,5600,SEC1066,650,1000,300,37,Refrigerated,WWE1001
2300,4900,2200,PRO1067,Beans,90,7200,SEC1067,750,500,400,37,Refrigerated,WWE1001
2700,4500,2200,PRO1068,Broccoli,90,7200,SEC1068,750,1000,500,37,Refrigerated,WWE1001
2400,4800,2200,PRO1069,Black berry,90,7200,SEC1069,550,500,300,37,Refrigerated,WWE1001
3200,4000,2200,PRO1070,Cabbage,90,7200,SEC1070,550,1500,500,45,Refrigerated,WWE1001
3300,3900,2200,PRO1071,Cauliflower,90,7200,SEC1071,550,1500,400,45,Refrigerated,WWE1001
2500,4700,1800,PRO1072,Cherries,91,7200,SEC1072,550,1000,300,45,Refrigerated,WWE1001
2500,4700,1800,PRO1073,Cucumber,91,7200,SEC1073,550,1000,300,45,Refrigerated,WWE1001
2500,4700,1800,PRO1074,Brinjal,91,7200,SEC1074,321,1000,300,45,Refrigerated,WWE1001
2500,4700,1800,PRO1075,Grapes,91,7200,SEC1075,321,1000,300,45,Refrigerated,WWE1001
2400,4800,1800,PRO1076,Lemons,91,7200,SEC1076,321,1000,400,40,Refrigerated,WWE1001
2000,5200,1800,PRO1077,Lettuce,75,7200,SEC1077,321,500,300,40,Refrigerated,WWE1001
2300,4900,1800,PRO1078,Lime,52,7200,SEC1078,730,1000,500,23,Frozen,WWE1001
2300,4900,1800,PRO1079,Melon water,52,7200,SEC1079,730,1000,500,14,Frozen,WWE1001
2400,4800,1800,PRO1080,Peach,52,7200,SEC1080,730,1000,400,14,Frozen,WWE1001
1800,5400,1800,PRO1081,Cod,75,7200,SEC1081,730,500,500,40,Refrigerated,WWE1001
2400,4800,1800,PRO1082,Salmon,75,7200,SEC1082,730,1000,400,40,Refrigerated,WWE1001
2000,5200,1800,PRO1083,Trout,45,7200,SEC1083,730,500,300,14,Frozen,WWE1001
2900,4300,1800,PRO1084,Tuna,75,7200,SEC1084,730,1500,400,40,Refrigerated,WWE1001
1800,5400,1800,PRO1085,Haddock,75,7200,SEC1085,730,500,500,39,Refrigerated,WWE1001
3000,4200,1800,PRO1086,Sea bream,75,7200,SEC1086,730,1500,300,39,Refrigerated,WWE1001
1900,5300,1800,PRO1087,Plaice,75,7200,SEC1087,550,500,400,39,Refrigerated,WWE1001
2800,4400,1800,PRO1088,Shark,75,7200,SEC1088,550,1500,500,39,Refrigerated,WWE1001
2500,4700,1800,PRO1089,Squid,75,7200,SEC1089,550,1000,300,43,Refrigerated,WWE1001
1900,5300,1800,PRO1090,Crab,80,7200,SEC1090,550,500,400,43,Refrigerated,WWE1001
2800,4400,1800,PRO1091,Chardonnay,80,7200,SEC1091,550,1500,500,43,Refrigerated,WWE1001
2500,4700,1800,PRO1092,Shrimps,80,7200,SEC1092,550,1000,300,43,Refrigerated,WWE1001
1700,5500,1600,PRO1093,Riesling,80,7200,SEC1093,550,500,400,43,Refrigerated,WWE1001
2100,5100,1600,PRO1094,Langoustine,80,7200,SEC1094,620,1000,500,43,Refrigerated,WWE1001
1600,5600,1600,PRO1095,Pinot Grigio,65,7200,SEC1095,620,500,500,43,Refrigerated,WWE1001
2100,5100,1600,PRO1096,Lobster,65,7200,SEC1096,620,1000,500,43,Refrigerated,WWE1001
2700,4500,1600,PRO1097,Sauvignon Blanc,65,7200,SEC1097,620,1500,400,33,Refrigerated,WWE1001
2300,4900,1600,PRO1098,Prawn,65,7200,SEC1098,450,1000,300,33,Refrigerated,WWE1001
1700,5500,1600,PRO1099,Cabernet Sauvignon,65,7200,SEC1099,450,500,400,33,Refrigerated,WWE1001
2800,4400,1600,PRO1100,Crayfish,65,7200,SEC1100,450,1500,300,33,Refrigerated,WWE1001
2300,1700,1600,PRO1101,Pinot Noir,65,4000,SEC1101,450,1000,300,31,Refrigerated,WWE1001
1700,2300,1600,PRO1102,Krill,65,4000,SEC1102,450,500,400,31,Refrigerated,WWE1001
3000,1000,2000,PRO1103,Syrah,70,4000,SEC1103,320,1500,500,41,Refrigerated,WWE1001
3100,900,2000,PRO1104,Barnacles,70,4000,SEC1104,320,1500,400,41,Refrigerated,WWE1001
2700,1300,2000,PRO1105,Land snails,70,4000,SEC1105,320,1000,300,41,Refrigerated,WWE1001
2200,1800,2000,PRO1106,Malbec,71,4000,SEC1106,320,500,300,41,Refrigerated,WWE1001
2600,1400,2000,PRO1107,Whelks,71,4000,SEC1107,452,1000,400,41,Refrigerated,WWE1001
2500,1500,2000,PRO1108,Merlot,71,4000,SEC1108,750,1000,500,41,Refrigerated,WWE1001
2600,1400,2000,PRO1109,Cappuccino,71,4000,SEC1109,650,1000,400,37,Refrigerated,WWE1001
2000,2000,2000,PRO1110,Espresso,85,4000,SEC1110,700,500,500,37,Refrigerated,WWE1001
2700,1300,2000,PRO1111,Flat White,85,4000,SEC1111,700,1000,300,37,Refrigerated,WWE1001
2600,2200,2000,PRO1112,Long Black,85,4800,SEC1112,700,1000,400,37,Refrigerated,WWE1001
2700,2100,2000,PRO1113,Macchiato,45,4800,SEC1113,650,1000,300,23,Frozen,WWE1001
1700,3100,2000,PRO1114,Mochaccino,45,4800,SEC1114,650,0,300,23,Frozen,WWE1001
1700,3100,2000,PRO1115,Irish�Coffee,45,4800,SEC1115,650,0,300,23,Frozen,WWE1001
1700,3100,2000,PRO1116,raspberries,85,4800,SEC1116,650,0,300,37,Refrigerated,WWE1001
1700,3100,2000,PRO1117,Blueberries,85,4800,SEC1117,650,0,300,37,Refrigerated,WWE1001
1700,3100,2000,PRO1118,�Kiwifruit,90,4800,SEC1118,750,0,300,37,Refrigerated,WWE1001
1700,3100,2000,PRO1119,�Passionfruit,90,4800,SEC1119,750,0,300,37,Refrigerated,WWE1001
1700,3100,2000,PRO1120,�Rockmelons�,90,4800,SEC1120,550,0,300,37,Refrigerated,WWE1001
1700,3100,2000,PRO1121,Honeydew Melons,90,4800,SEC1121,550,0,300,45,Refrigerated,WWE1001
1700,3100,2000,PRO1122,�Plums,90,4800,SEC1122,550,0,300,45,Refrigerated,WWE1001
1700,3100,2000,PRO1123,mandarins,91,4800,SEC1123,550,0,300,45,Refrigerated,WWE1001
1700,3100,2000,PRO1124,Bacon,91,4800,SEC1124,550,0,300,45,Refrigerated,WWE1001
1700,3100,2000,PRO1125,Sausage,91,4800,SEC1125,321,0,300,45,Refrigerated,WWE1001
2200,1000,2200,PRO1126,Ham,91,3200,SEC1126,321,0,0,45,Refrigerated,WWE1001
2200,1000,2200,PRO1127,Pepperoni,91,3200,SEC1127,321,0,0,40,Refrigerated,WWE1001
2200,1000,2200,PRO1128,Salami�,75,3200,SEC1128,321,0,0,40,Refrigerated,WWE1001
2200,1000,2200,PRO1129,Steak,52,3200,SEC1129,730,0,0,23,Frozen,WWE1001
2200,1000,2200,PRO1130,Ribs�,52,3200,SEC1130,730,0,0,23,Frozen,WWE1001
2200,1000,2200,PRO1131,Lamb Packaged,52,3200,SEC1131,730,0,0,23,Frozen,WWE1001
2200,1000,2200,PRO1132,Turkey Packaged,75,3200,SEC1132,730,0,0,23,Frozen,WWE1001
4600,1000,4600,PRO1133,Venison Packaged,75,5600,SEC1133,730,0,0,23,Frozen,WWE1001
4600,1000,4600,PRO1134,Duck Packaged,45,5600,SEC1134,730,0,0,23,Frozen,WWE1001
4600,1000,4600,PRO1135,Wild Bear Packaged,75,5600,SEC1135,730,0,0,23,Frozen,WWE1001
4600,1000,4600,PRO1136,Bison Packaged,75,5600,SEC1136,730,0,0,23,Frozen,WWE1001
4600,1000,4600,PRO1137,Goose Packaged,75,5600,SEC1137,730,0,0,23,Frozen,WWE1001
4600,1000,4600,PRO1138,Rabbit Packaged,75,5600,SEC1138,550,0,0,23,Frozen,WWE1001
4600,1000,4600,PRO1139,Pheasant Packaged,75,5600,SEC1139,550,0,0,23,Frozen,WWE1001
4600,1000,4600,PRO1140,Brown Ale,75,5600,SEC1140,550,0,0,43,Refrigerated,WWE1001
4600,1000,4600,PRO1141,Pale Ale,80,5600,SEC1141,550,0,0,43,Refrigerated,WWE1001
4600,1000,4600,PRO1142,India Pale Ale (IPA),80,5600,SEC1142,550,0,0,43,Refrigerated,WWE1001
4600,1000,4600,PRO1143,Porter,80,5600,SEC1143,550,0,0,43,Refrigerated,WWE1001
4600,1000,4600,PRO1144,Stout,80,5600,SEC1144,550,0,0,43,Refrigerated,WWE1001
4600,1000,4600,PRO1145,Belgian Style Beer,80,5600,SEC1145,620,0,0,43,Refrigerated,WWE1001
4600,1000,4600,PRO1146,Wheat Beer,65,5600,SEC1146,620,0,0,43,Refrigerated,WWE1001
4600,1000,4600,PRO1147,American Sour,65,5600,SEC1147,620,0,0,43,Refrigerated,WWE1001
4600,1000,4600,PRO1148,Belgian Fruit Lambic,65,5600,SEC1148,620,0,0,33,Refrigerated,WWE1001
4600,1000,4600,PRO1149,Flanders Red Ale,65,5600,SEC1149,450,0,0,33,Refrigerated,WWE1001
5400,1000,5400,PRO1150,Belgian Gueuze,65,6400,SEC1150,450,0,0,33,Refrigerated,WWE1001
5400,1000,5400,PRO1151,Pale Lagers and Pilsners,65,6400,SEC1151,450,0,0,33,Refrigerated,WWE1001
5400,1000,5400,PRO1152,Dark Lagers,65,6400,SEC1152,450,0,0,31,Refrigerated,WWE1001
5400,1000,5400,PRO1153,German-Style Bocks,65,6400,SEC1153,450,0,0,31,Refrigerated,WWE1001
5400,1000,5400,PRO1154,Spaghetti�,70,6400,SEC1154,320,0,0,41,Refrigerated,WWE1001
5400,1000,5400,PRO1155,Tagliatelle,70,6400,SEC1155,320,0,0,41,Refrigerated,WWE1001
5400,1000,5400,PRO1156,Boccoli,70,6400,SEC1156,320,0,0,41,Refrigerated,WWE1001
5400,1000,5400,PRO1157,Anelli,71,6400,SEC1157,320,0,0,41,Refrigerated,WWE1001
5400,1000,5400,PRO1158,Castellane,71,6400,SEC1158,452,0,0,41,Refrigerated,WWE1001
5400,1000,5400,PRO1159,Chifferi,71,6400,SEC1159,750,0,0,41,Refrigerated,WWE1001
5400,1000,5400,PRO1160,Farfalle,71,6400,SEC1160,650,0,0,37,Refrigerated,WWE1001
5400,1000,5400,PRO1001,Potatos,70,6400,SEC2001,320,0,0,41,Refrigerated,WMW1001
5400,1000,5400,PRO1002,Onions,70,6400,SEC2002,320,0,0,41,Refrigerated,WMW1001
5400,1000,5400,PRO1003,Tomatos,70,6400,SEC2003,320,0,0,41,Refrigerated,WMW1001
1400,5000,2100,PRO1004,Beet Roots,71,6400,SEC2004,320,0,700,41,Refrigerated,WMW1001
1600,4800,2100,PRO1005,Carrots,71,6400,SEC2005,452,0,500,41,Refrigerated,WMW1001
1600,4800,2100,PRO1006,Ferrero Rocher,71,6400,SEC2006,750,0,500,41,Refrigerated,WMW1001
1600,4800,2100,PRO1007,Cadbury Dairy Milk,71,6400,SEC2007,650,0,500,37,Refrigerated,WMW1001
1600,5600,2100,PRO1008,Hershey's,85,7200,SEC2008,700,0,500,37,Refrigerated,WMW1001
1600,5600,2100,PRO1009,Skim Milk,85,7200,SEC2009,700,0,500,37,Refrigerated,WMW1001
1600,5600,2100,PRO1010,Lowfat Milk,85,7200,SEC2010,700,0,500,37,Refrigerated,WMW1001
1600,5600,2100,PRO1011,Jellied eels,45,7200,SEC2011,650,0,500,23,Frozen,WMW1001
3200,4000,2200,PRO1012,MonkFish,45,7200,SEC2012,650,1500,500,23,Frozen,WMW1001
3300,3900,2200,PRO1013,Basa,45,7200,SEC2013,650,1500,400,23,Frozen,WMW1001
2500,4700,1800,PRO1014,Yoplait,85,7200,SEC2014,650,1000,300,37,Refrigerated,WMW1001
2500,4700,1800,PRO1015,Chobani,85,7200,SEC2015,650,1000,300,37,Refrigerated,WMW1001
2500,4700,1800,PRO1016,Dannon,90,7200,SEC2016,750,1000,300,37,Refrigerated,WMW1001
2500,4700,1800,PRO1017,Apple,90,7200,SEC2017,750,1000,300,37,Refrigerated,WMW1001
2400,4800,1800,PRO1018,Banana,90,7200,SEC2018,550,1000,400,37,Refrigerated,WMW1001
2000,5200,1800,PRO1019,Mango,90,7200,SEC2019,550,500,300,45,Refrigerated,WMW1001
2300,4900,1800,PRO1020,Orange,90,7200,SEC2020,550,1000,500,45,Refrigerated,WMW1001
2300,4900,1800,PRO1021,Strawberries,91,7200,SEC2021,550,1000,500,45,Refrigerated,WMW1001
2400,4800,1800,PRO1022,Adobe Breads,91,7200,SEC2022,550,1000,400,45,Refrigerated,WMW1001
1800,5400,1800,PRO1023,Liberica,91,7200,SEC2023,321,500,500,45,Refrigerated,WMW1001
2400,4800,1800,PRO1024,Excelsa,91,7200,SEC2024,321,1000,400,45,Refrigerated,WMW1001
2000,3600,1800,PRO1025,Bigelow�Tea�Company,91,5600,SEC2025,321,500,300,40,Refrigerated,WMW1001
2900,2700,1800,PRO1026,Yogi�Tea,75,5600,SEC2026,321,1500,400,40,Refrigerated,WMW1001
1800,3800,1800,PRO1027,Chicken Packaged,52,5600,SEC2027,730,500,500,23,Frozen,WMW1001
3000,2600,1800,PRO1028,Beef Packaged,52,5600,SEC2028,730,1500,300,14,Frozen,WMW1001
1900,3700,1800,PRO1029,Pork Packaged,52,5600,SEC2029,730,500,400,14,Frozen,WMW1001
2800,2800,1800,PRO1030,Philadelphia,75,5600,SEC2030,730,1500,500,40,Refrigerated,WMW1001
2500,3100,1800,PRO1031,American Garden,75,5600,SEC2031,730,1000,300,40,Refrigerated,WMW1001
1900,3700,1800,PRO1032,Chicken's Egg,45,5600,SEC2032,730,500,400,14,Frozen,WMW1001
2800,2800,1800,PRO1033,Capcicums,75,5600,SEC2033,730,1500,500,40,Refrigerated,WMW1001
2500,3100,1800,PRO1034,Milk Mist,75,5600,SEC2034,730,1000,300,39,Refrigerated,WMW1001
1700,3900,1600,PRO1035,Nandini,75,5600,SEC2035,730,500,400,39,Refrigerated,WMW1001
2100,3500,1600,PRO1036,Pine Apple,75,5600,SEC2036,550,1000,500,39,Refrigerated,WMW1001
1600,800,1600,PRO1037,Goava,75,2400,SEC2037,550,500,500,39,Refrigerated,WMW1001
2100,300,1600,PRO1038,Anadama Breads,75,2400,SEC2038,550,1000,500,43,Refrigerated,WMW1001
2700,300,1600,PRO1039,Arabica,80,3000,SEC2039,550,1500,400,43,Refrigerated,WMW1001
2300,100,1600,PRO1040,Lettuce Leaf,80,2400,SEC2040,550,1000,300,43,Refrigerated,WMW1001
1700,700,1600,PRO1041,Zinfandel,80,2400,SEC2041,550,500,400,43,Refrigerated,WMW1001
2800,200,1600,PRO1042,Syrah,80,3000,SEC2042,550,1500,300,43,Refrigerated,WMW1001
2300,100,1600,PRO1043,Chardonnay,80,2400,SEC2043,620,1000,300,43,Refrigerated,WMW1001
1700,700,1600,PRO1044,Merlot,65,2400,SEC2044,620,500,400,43,Refrigerated,WMW1001
3000,200,2000,PRO1045,Luzianne�,65,3200,SEC2045,620,1500,500,43,Refrigerated,WMW1001
3100,100,2000,PRO1046,Robusta,65,3200,SEC2046,620,1500,400,33,Refrigerated,WMW1001
2700,300,2000,PRO1047,Red Diamond,65,3000,SEC2047,450,1000,300,33,Refrigerated,WMW1001
2200,200,2000,PRO1048,Boston Brown Breads,65,2400,SEC2048,450,500,300,33,Refrigerated,WMW1001
2600,400,2000,PRO1049,Cuban Breads,65,3000,SEC2049,450,1000,400,33,Refrigerated,WMW1001
2500,700,2000,PRO1050,Grahum Breads,65,3200,SEC2050,450,1000,500,31,Refrigerated,WMW1001
2600,600,2000,PRO1051,Tazo and Teavana,65,3200,SEC2051,450,1000,400,31,Refrigerated,WMW1001
2200,1000,2200,PRO1052,CANDLES,70,3200,SEC2052,320,0,0,41,Refrigerated,WMW1001
2200,1000,2200,PRO1053,FILM,70,3200,SEC2053,320,0,0,41,Refrigerated,WMW1001
2200,1000,2200,PRO1054,ARTWORK,70,3200,SEC2054,320,0,0,41,Refrigerated,WMW1001
2200,1000,2200,PRO1055,PLANTS,71,3200,SEC2055,320,0,0,41,Refrigerated,WMW1001
2700,500,2200,PRO1056,LIPSTICK,71,3200,SEC2056,452,1000,500,41,Refrigerated,WMW1001
2800,400,2200,PRO1057,COLOGNE,71,3200,SEC2057,750,1000,400,41,Refrigerated,WMW1001
2200,1000,2200,PRO1058,MEDICINE,71,3200,SEC2058,650,500,500,37,Refrigerated,WMW1001
2900,300,2200,PRO1059,Natural peanut butter,85,3200,SEC2059,700,1000,300,37,Refrigerated,WMW1001
2300,900,2200,PRO1060,Home-made cookies,85,3200,SEC2060,700,500,400,37,Refrigerated,WMW1001
2700,500,2200,PRO1061,Graden seeds,85,3200,SEC2061,700,1000,500,37,Refrigerated,WMW1001
2400,800,2200,PRO1062,Avocados,45,3200,SEC2062,650,500,300,23,Frozen,WMW1001
3200,0,2200,PRO1063,Whole wheat flour,45,3200,SEC2063,650,1500,500,23,Frozen,WMW1001
3300,700,2200,PRO1064,Cut Flowers,45,4000,SEC2064,650,1500,400,23,Frozen,WMW1001
2500,700,1800,PRO1065,Apricots,85,3200,SEC2065,650,1000,300,37,Refrigerated,WMW1001
2500,700,1800,PRO1066,Asparagus,85,3200,SEC2066,650,1000,300,37,Refrigerated,WMW1001
2500,700,1800,PRO1067,Beans,90,3200,SEC2067,750,1000,300,37,Refrigerated,WMW1001
2500,700,1800,PRO1068,Broccoli,90,3200,SEC2068,750,1000,300,37,Refrigerated,WMW1001
2200,1000,1800,PRO1069,Black berry,90,3200,SEC2069,550,1000,600,37,Refrigerated,WMW1001
2000,1200,1800,PRO1070,Cabbage,90,3200,SEC2070,550,500,300,45,Refrigerated,WMW1001
2300,4900,1800,PRO1071,Cauliflower,90,7200,SEC2071,550,1000,500,45,Refrigerated,WMW1001
2300,4900,1800,PRO1072,Cherries,91,7200,SEC2072,550,1000,500,45,Refrigerated,WMW1001
2400,4800,1800,PRO1073,Cucumber,91,7200,SEC2073,550,1000,400,45,Refrigerated,WMW1001
1800,5400,1800,PRO1074,Brinjal,91,7200,SEC2074,321,500,500,45,Refrigerated,WMW1001
2400,4800,1800,PRO1075,Grapes,91,7200,SEC2075,321,1000,400,45,Refrigerated,WMW1001
2000,5200,1800,PRO1076,Lemons,91,7200,SEC2076,321,500,300,40,Refrigerated,WMW1001
2900,4300,1800,PRO1077,Lettuce,75,7200,SEC2077,321,1500,400,40,Refrigerated,WMW1001
1800,5400,1800,PRO1078,Lime,52,7200,SEC2078,730,500,500,23,Frozen,WMW1001
3000,4200,1800,PRO1079,Melon water,52,7200,SEC2079,730,1500,300,14,Frozen,WMW1001
1900,5300,1800,PRO1080,Peach,52,7200,SEC2080,730,500,400,14,Frozen,WMW1001
2800,4400,1800,PRO1081,Cod,75,7200,SEC2081,730,1500,500,40,Refrigerated,WMW1001
2500,2300,1800,PRO1082,Salmon,75,4800,SEC2082,730,1000,300,40,Refrigerated,WMW1001
1900,2900,1800,PRO1083,Trout,45,4800,SEC2083,730,500,400,14,Frozen,WMW1001
2800,2000,1800,PRO1084,Tuna,75,4800,SEC2084,730,1500,500,40,Refrigerated,WMW1001
2500,2300,1800,PRO1085,Haddock,75,4800,SEC2085,730,1000,300,39,Refrigerated,WMW1001
1700,3100,1600,PRO1086,Sea bream,75,4800,SEC2086,730,500,400,39,Refrigerated,WMW1001
2100,2700,1600,PRO1087,Plaice,75,4800,SEC2087,550,1000,500,39,Refrigerated,WMW1001
1600,3200,1600,PRO1088,Shark,75,4800,SEC2088,550,500,500,39,Refrigerated,WMW1001
2100,1900,1600,PRO1089,Squid,75,4000,SEC2089,550,1000,500,43,Refrigerated,WMW1001
3000,1000,3000,PRO1090,Crab,80,4000,SEC2090,550,0,0,43,Refrigerated,WMW1001
3000,1000,3000,PRO1091,Chardonnay,80,4000,SEC2091,550,0,0,43,Refrigerated,WMW1001
3000,1000,3000,PRO1092,Shrimps,80,4000,SEC2092,550,0,0,43,Refrigerated,WMW1001
3000,1000,3000,PRO1093,Riesling,80,4000,SEC2093,550,0,0,43,Refrigerated,WMW1001
3000,1000,3000,PRO1094,Langoustine,80,4000,SEC2094,620,0,0,43,Refrigerated,WMW1001
3000,1000,3000,PRO1095,Pinot Grigio,65,4000,SEC2095,620,0,0,43,Refrigerated,WMW1001
3000,1000,3000,PRO1096,Lobster,65,4000,SEC2096,620,0,0,43,Refrigerated,WMW1001
3000,1000,3000,PRO1097,Sauvignon Blanc,65,4000,SEC2097,620,0,0,33,Refrigerated,WMW1001
3000,1000,3000,PRO1098,Prawn,65,4000,SEC2098,450,0,0,33,Refrigerated,WMW1001
3000,1000,3000,PRO1099,Cabernet Sauvignon,65,4000,SEC2099,450,0,0,33,Refrigerated,WMW1001
3000,1000,3000,PRO1100,Crayfish,65,4000,SEC2100,450,0,0,33,Refrigerated,WMW1001
3000,1000,3000,PRO1101,Pinot Noir,65,4000,SEC2101,450,0,0,31,Refrigerated,WMW1001
3000,1000,3000,PRO1102,Krill,65,4000,SEC2102,450,0,0,31,Refrigerated,WMW1001
3000,1000,3000,PRO1103,Syrah,70,4000,SEC2103,320,0,0,41,Refrigerated,WMW1001
3000,1000,3000,PRO1104,Barnacles,70,4000,SEC2104,320,0,0,41,Refrigerated,WMW1001
3000,1000,3000,PRO1105,Land snails,70,4000,SEC2105,320,0,0,41,Refrigerated,WMW1001
3000,1000,3000,PRO1106,Malbec,71,4000,SEC2106,320,0,0,41,Refrigerated,WMW1001
3000,1000,3000,PRO1107,Whelks,71,4000,SEC2107,452,0,0,41,Refrigerated,WMW1001
3000,1000,3000,PRO1108,Merlot,71,4000,SEC2108,750,0,0,41,Refrigerated,WMW1001
3000,1000,3000,PRO1109,Cappuccino,71,4000,SEC2109,650,0,0,37,Refrigerated,WMW1001
3000,1000,3000,PRO1110,Espresso,85,4000,SEC2110,700,0,0,37,Refrigerated,WMW1001
2200,1000,2200,PRO1111,Flat White,85,3200,SEC2111,700,0,0,37,Refrigerated,WMW1001
2200,1000,2200,PRO1112,Long Black,85,3200,SEC2112,700,0,0,37,Refrigerated,WMW1001
2200,1000,2200,PRO1113,Macchiato,45,3200,SEC2113,650,0,0,23,Frozen,WMW1001
3200,0,2200,PRO1114,Mochaccino,45,3200,SEC2114,650,1500,500,23,Frozen,WMW1001
3300,700,2200,PRO1115,Irish�Coffee,45,4000,SEC2115,650,1500,400,23,Frozen,WMW1001
2500,700,1800,PRO1116,raspberries,85,3200,SEC2116,650,1000,300,37,Refrigerated,WMW1001
2500,700,1800,PRO1117,Blueberries,85,3200,SEC2117,650,1000,300,37,Refrigerated,WMW1001
2500,700,1800,PRO1118,�Kiwifruit,90,3200,SEC2118,750,1000,300,37,Refrigerated,WMW1001
2500,700,1800,PRO1119,�Passionfruit,90,3200,SEC2119,750,1000,300,37,Refrigerated,WMW1001
2400,800,1800,PRO1120,�Rockmelons�,90,3200,SEC2120,550,1000,400,37,Refrigerated,WMW1001
2000,1200,1800,PRO1121,Honeydew Melons,90,3200,SEC2121,550,500,300,45,Refrigerated,WMW1001
2300,900,1800,PRO1122,�Plums,90,3200,SEC2122,550,1000,500,45,Refrigerated,WMW1001
2300,900,1800,PRO1123,mandarins,91,3200,SEC2123,550,1000,500,45,Refrigerated,WMW1001
2400,800,1800,PRO1124,Bacon,91,3200,SEC2124,550,1000,400,45,Refrigerated,WMW1001
1800,1400,1800,PRO1125,Sausage,91,3200,SEC2125,321,500,500,45,Refrigerated,WMW1001
2400,800,1800,PRO1126,Ham,91,3200,SEC2126,321,1000,400,45,Refrigerated,WMW1001
2000,1200,1800,PRO1127,Pepperoni,91,3200,SEC2127,321,500,300,40,Refrigerated,WMW1001
2900,300,1800,PRO1128,Salami�,75,3200,SEC2128,321,1500,400,40,Refrigerated,WMW1001
1800,1400,1800,PRO1129,Steak,52,3200,SEC2129,730,500,500,23,Frozen,WMW1001
3000,200,1800,PRO1130,Ribs�,52,3200,SEC2130,730,1500,300,23,Frozen,WMW1001
1900,1300,1800,PRO1131,Lamb Packaged,52,3200,SEC2131,730,500,400,23,Frozen,WMW1001
2800,400,1800,PRO1132,Turkey Packaged,75,3200,SEC2132,730,1500,500,23,Frozen,WMW1001
2500,700,1800,PRO1133,Venison Packaged,75,3200,SEC2133,730,1000,300,23,Frozen,WMW1001
1900,1300,1800,PRO1134,Duck Packaged,45,3200,SEC2134,730,500,400,23,Frozen,WMW1001
2800,400,1800,PRO1135,Wild Bear Packaged,75,3200,SEC2135,730,1500,500,23,Frozen,WMW1001
2500,700,1800,PRO1136,Bison Packaged,75,3200,SEC2136,730,1000,300,23,Frozen,WMW1001
1700,1500,1600,PRO1137,Goose Packaged,75,3200,SEC2137,730,500,400,23,Frozen,WMW1001
2100,1100,1600,PRO1138,Rabbit Packaged,75,3200,SEC2138,550,1000,500,23,Frozen,WMW1001
1600,1600,1600,PRO1139,Pheasant Packaged,75,3200,SEC2139,550,500,500,23,Frozen,WMW1001
2100,1100,1600,PRO1140,Brown Ale,75,3200,SEC2140,550,1000,500,43,Refrigerated,WMW1001
2700,500,1600,PRO1141,Pale Ale,80,3200,SEC2141,550,1500,400,43,Refrigerated,WMW1001
2300,900,1600,PRO1142,India Pale Ale (IPA),80,3200,SEC2142,550,1000,300,43,Refrigerated,WMW1001
1700,1500,1600,PRO1143,Porter,80,3200,SEC2143,550,500,400,43,Refrigerated,WMW1001
2800,400,1600,PRO1144,Stout,80,3200,SEC2144,550,1500,300,43,Refrigerated,WMW1001
2300,900,1600,PRO1145,Belgian Style Beer,80,3200,SEC2145,620,1000,300,43,Refrigerated,WMW1001
1700,1500,1600,PRO1146,Wheat Beer,65,3200,SEC2146,620,500,400,43,Refrigerated,WMW1001
3000,2600,2000,PRO1147,American Sour,65,5600,SEC2147,620,1500,500,43,Refrigerated,WMW1001
3100,2500,2000,PRO1148,Belgian Fruit Lambic,65,5600,SEC2148,620,1500,400,33,Refrigerated,WMW1001
2700,2900,2000,PRO1149,Flanders Red Ale,65,5600,SEC2149,450,1000,300,33,Refrigerated,WMW1001
2200,3400,2000,PRO1150,Belgian Gueuze,65,5600,SEC2150,450,500,300,33,Refrigerated,WMW1001
2600,3000,2000,PRO1151,Pale Lagers and Pilsners,65,5600,SEC2151,450,1000,400,33,Refrigerated,WMW1001
2500,3100,2000,PRO1152,Dark Lagers,65,5600,SEC2152,450,1000,500,31,Refrigerated,WMW1001
2600,3000,2000,PRO1153,German-Style Bocks,65,5600,SEC2153,450,1000,400,31,Refrigerated,WMW1001
2000,3600,2000,PRO1154,Spaghetti�,70,5600,SEC2154,320,500,500,41,Refrigerated,WMW1001
2700,2900,2000,PRO1155,Tagliatelle,70,5600,SEC2155,320,1000,300,41,Refrigerated,WMW1001
2600,3000,2000,PRO1156,Boccoli,70,5600,SEC2156,320,1000,400,41,Refrigerated,WMW1001
2700,2900,2000,PRO1157,Anelli,71,5600,SEC2157,320,1000,300,41,Refrigerated,WMW1001
2700,2900,2200,PRO1158,Castellane,71,5600,SEC2158,452,1000,500,41,Refrigerated,WMW1001
2800,2800,2200,PRO1159,Chifferi,71,5600,SEC2159,750,1000,400,41,Refrigerated,WMW1001
2200,3400,2200,PRO1160,Farfalle,71,5600,SEC2160,650,500,500,37,Refrigerated,WMW1001
2500,3100,2200,PRO1001,Potatos,70,5600,SEC3001,320,1000,700,41,Refrigerated,WNE1001
2300,4900,2200,PRO1002,Onions,70,7200,SEC3002,320,500,400,41,Refrigerated,WNE1001
2700,4500,2200,PRO1003,Tomatos,70,7200,SEC3003,320,1000,500,41,Refrigerated,WNE1001
2400,4800,2200,PRO1004,Beet Roots,71,7200,SEC3004,320,500,300,41,Refrigerated,WNE1001
3200,4000,2200,PRO1005,Carrots,71,7200,SEC3005,452,1500,500,41,Refrigerated,WNE1001
3300,3900,2200,PRO1006,Ferrero Rocher,71,7200,SEC3006,750,1500,400,41,Refrigerated,WNE1001
2500,4700,1800,PRO1007,Cadbury Dairy Milk,71,7200,SEC3007,650,1000,300,37,Refrigerated,WNE1001
2500,4700,1800,PRO1008,Hershey's,85,7200,SEC3008,700,1000,300,37,Refrigerated,WNE1001
2500,4700,1800,PRO1009,Skim Milk,85,7200,SEC3009,700,1000,300,37,Refrigerated,WNE1001
2500,4700,1800,PRO1010,Lowfat Milk,85,7200,SEC3010,700,1000,300,37,Refrigerated,WNE1001
2400,4800,1800,PRO1011,Jellied eels,45,7200,SEC3011,650,1000,400,23,Frozen,WNE1001
2000,5200,1800,PRO1012,MonkFish,45,7200,SEC3012,650,500,300,23,Frozen,WNE1001
2300,4900,1800,PRO1013,Basa,45,7200,SEC3013,650,1000,500,23,Frozen,WNE1001
2300,4900,1800,PRO1014,Yoplait,85,7200,SEC3014,650,1000,500,37,Refrigerated,WNE1001
2400,4800,1800,PRO1015,Chobani,85,7200,SEC3015,650,1000,400,37,Refrigerated,WNE1001
1800,5400,1800,PRO1016,Dannon,90,7200,SEC3016,750,500,500,37,Refrigerated,WNE1001
2400,4800,1800,PRO1017,Apple,90,7200,SEC3017,750,1000,400,37,Refrigerated,WNE1001
2000,5200,1800,PRO1018,Banana,90,7200,SEC3018,550,500,300,37,Refrigerated,WNE1001
2900,4300,1800,PRO1019,Mango,90,7200,SEC3019,550,1500,400,45,Refrigerated,WNE1001
1800,5400,1800,PRO1020,Orange,90,7200,SEC3020,550,500,500,45,Refrigerated,WNE1001
3000,4200,1800,PRO1021,Strawberries,91,7200,SEC3021,550,1500,300,45,Refrigerated,WNE1001
1900,5300,1800,PRO1022,Adobe Breads,91,7200,SEC3022,550,500,400,45,Refrigerated,WNE1001
2800,4400,1800,PRO1023,Liberica,91,7200,SEC3023,321,1500,500,45,Refrigerated,WNE1001
2500,4700,1800,PRO1024,Excelsa,91,7200,SEC3024,321,1000,300,45,Refrigerated,WNE1001
1900,5300,1800,PRO1025,Bigelow�Tea�Company,91,7200,SEC3025,321,500,400,40,Refrigerated,WNE1001
2800,4400,1800,PRO1026,Yogi�Tea,75,7200,SEC3026,321,1500,500,40,Refrigerated,WNE1001
2500,4700,1800,PRO1027,Chicken Packaged,52,7200,SEC3027,730,1000,300,23,Frozen,WNE1001
1700,5500,1600,PRO1028,Beef Packaged,52,7200,SEC3028,730,500,400,14,Frozen,WNE1001
2100,5100,1600,PRO1029,Pork Packaged,52,7200,SEC3029,730,1000,500,14,Frozen,WNE1001
1600,5600,1600,PRO1030,Philadelphia,75,7200,SEC3030,730,500,500,40,Refrigerated,WNE1001
2100,5100,1600,PRO1031,American Garden,75,7200,SEC3031,730,1000,500,40,Refrigerated,WNE1001
2700,4500,1600,PRO1032,Chicken's Egg,45,7200,SEC3032,730,1500,400,14,Frozen,WNE1001
2300,4900,1600,PRO1033,Capcicums,75,7200,SEC3033,730,1000,300,40,Refrigerated,WNE1001
1700,5500,1600,PRO1034,Milk Mist,75,7200,SEC3034,730,500,400,39,Refrigerated,WNE1001
2800,4400,1600,PRO1035,Nandini,75,7200,SEC3035,730,1500,300,39,Refrigerated,WNE1001
2300,1700,1600,PRO1036,Pine Apple,75,4000,SEC3036,550,1000,300,39,Refrigerated,WNE1001
1700,2300,1600,PRO1037,Goava,75,4000,SEC3037,550,500,400,39,Refrigerated,WNE1001
3000,1000,2000,PRO1038,Anadama Breads,75,4000,SEC3038,550,1500,500,43,Refrigerated,WNE1001
3100,900,2000,PRO1039,Arabica,80,4000,SEC3039,550,1500,400,43,Refrigerated,WNE1001
2700,1300,2000,PRO1040,Lettuce Leaf,80,4000,SEC3040,550,1000,300,43,Refrigerated,WNE1001
1700,2300,2000,PRO1041,Zinfandel,80,4000,SEC3041,550,0,300,43,Refrigerated,WNE1001
1700,2300,2000,PRO1042,Syrah,80,4000,SEC3042,550,0,300,43,Refrigerated,WNE1001
1700,2300,2000,PRO1043,Chardonnay,80,4000,SEC3043,620,0,300,43,Refrigerated,WNE1001
1700,2300,2000,PRO1044,Merlot,65,4000,SEC3044,620,0,300,43,Refrigerated,WNE1001
3000,1000,3000,PRO1045,Luzianne�,65,4000,SEC3045,620,0,0,43,Refrigerated,WNE1001
3000,1000,3000,PRO1046,Robusta,65,4000,SEC3046,620,0,0,33,Refrigerated,WNE1001
3800,1000,3800,PRO1047,Red Diamond,65,4800,SEC3047,450,0,0,33,Refrigerated,WNE1001
3800,1000,3800,PRO1048,Boston Brown Breads,65,4800,SEC3048,450,0,0,33,Refrigerated,WNE1001
3800,1000,3800,PRO1049,Cuban Breads,65,4800,SEC3049,450,0,0,33,Refrigerated,WNE1001
3800,1000,3800,PRO1050,Grahum Breads,65,4800,SEC3050,450,0,0,31,Refrigerated,WNE1001
3800,1000,3800,PRO1051,Tazo and Teavana,65,4800,SEC3051,450,0,0,31,Refrigerated,WNE1001
2900,1900,2200,PRO1052,CANDLES,70,4800,SEC3052,320,1000,300,41,Refrigerated,WNE1001
2300,2500,2200,PRO1053,FILM,70,4800,SEC3053,320,500,400,41,Refrigerated,WNE1001
2700,2100,2200,PRO1054,ARTWORK,70,4800,SEC3054,320,1000,500,41,Refrigerated,WNE1001
2400,2400,2200,PRO1055,PLANTS,71,4800,SEC3055,320,500,300,41,Refrigerated,WNE1001
3200,1600,2200,PRO1056,LIPSTICK,71,4800,SEC3056,452,1500,500,41,Refrigerated,WNE1001
3300,1500,2200,PRO1057,COLOGNE,71,4800,SEC3057,750,1500,400,41,Refrigerated,WNE1001
2500,2300,1800,PRO1058,MEDICINE,71,4800,SEC3058,650,1000,300,37,Refrigerated,WNE1001
2500,2300,1800,PRO1059,Natural peanut butter,85,4800,SEC3059,700,1000,300,37,Refrigerated,WNE1001
2500,2300,1800,PRO1060,Home-made cookies,85,4800,SEC3060,700,1000,300,37,Refrigerated,WNE1001
2500,700,1800,PRO1061,Graden seeds,85,3200,SEC3061,700,1000,300,37,Refrigerated,WNE1001
2400,800,1800,PRO1062,Avocados,45,3200,SEC3062,650,1000,400,23,Frozen,WNE1001
2000,1200,1800,PRO1063,Whole wheat flour,45,3200,SEC3063,650,500,300,23,Frozen,WNE1001
2300,900,1800,PRO1064,Cut Flowers,45,3200,SEC3064,650,1000,500,23,Frozen,WNE1001
2300,900,1800,PRO1065,Apricots,85,3200,SEC3065,650,1000,500,37,Refrigerated,WNE1001
2400,800,1800,PRO1066,Asparagus,85,3200,SEC3066,650,1000,400,37,Refrigerated,WNE1001
1800,1400,1800,PRO1067,Beans,90,3200,SEC3067,750,500,500,37,Refrigerated,WNE1001
2400,3200,1800,PRO1068,Broccoli,90,5600,SEC3068,750,1000,400,37,Refrigerated,WNE1001
2000,3600,1800,PRO1069,Black berry,90,5600,SEC3069,550,500,300,37,Refrigerated,WNE1001
2900,2700,1800,PRO1070,Cabbage,90,5600,SEC3070,550,1500,400,45,Refrigerated,WNE1001
1800,3800,1800,PRO1071,Cauliflower,90,5600,SEC3071,550,500,500,45,Refrigerated,WNE1001
3000,2600,1800,PRO1072,Cherries,91,5600,SEC3072,550,1500,300,45,Refrigerated,WNE1001
1900,3700,1800,PRO1073,Cucumber,91,5600,SEC3073,550,500,400,45,Refrigerated,WNE1001
2800,2800,1800,PRO1074,Brinjal,91,5600,SEC3074,321,1500,500,45,Refrigerated,WNE1001
2500,3100,1800,PRO1075,Grapes,91,5600,SEC3075,321,1000,300,45,Refrigerated,WNE1001
1900,3700,1800,PRO1076,Lemons,91,5600,SEC3076,321,500,400,40,Refrigerated,WNE1001
2800,2800,1800,PRO1077,Lettuce,75,5600,SEC3077,321,1500,500,40,Refrigerated,WNE1001
2500,3100,1800,PRO1078,Lime,52,5600,SEC3078,730,1000,300,23,Frozen,WNE1001
1700,3900,1600,PRO1079,Melon water,52,5600,SEC3079,730,500,400,14,Frozen,WNE1001
2100,3500,1600,PRO1080,Peach,52,5600,SEC3080,730,1000,500,14,Frozen,WNE1001
1600,4000,1600,PRO1081,Cod,75,5600,SEC3081,730,500,500,40,Refrigerated,WNE1001
2100,3500,1600,PRO1082,Salmon,75,5600,SEC3082,730,1000,500,40,Refrigerated,WNE1001
2700,2900,1600,PRO1083,Trout,45,5600,SEC3083,730,1500,400,14,Frozen,WNE1001
2300,3300,1600,PRO1084,Tuna,75,5600,SEC3084,730,1000,300,40,Refrigerated,WNE1001
1700,4700,1600,PRO1085,Haddock,75,6400,SEC3085,730,500,400,39,Refrigerated,WNE1001
2800,3600,1600,PRO1086,Sea bream,75,6400,SEC3086,730,1500,300,39,Refrigerated,WNE1001
2300,4100,1600,PRO1087,Plaice,75,6400,SEC3087,550,1000,300,39,Refrigerated,WNE1001
1700,4700,1600,PRO1088,Shark,75,6400,SEC3088,550,500,400,39,Refrigerated,WNE1001
3000,3400,2000,PRO1089,Squid,75,6400,SEC3089,550,1500,500,43,Refrigerated,WNE1001
3100,3300,2000,PRO1090,Crab,80,6400,SEC3090,550,1500,400,43,Refrigerated,WNE1001
2700,3700,2000,PRO1091,Chardonnay,80,6400,SEC3091,550,1000,300,43,Refrigerated,WNE1001
2200,4200,2000,PRO1092,Shrimps,80,6400,SEC3092,550,500,300,43,Refrigerated,WNE1001
2600,3800,2000,PRO1093,Riesling,80,6400,SEC3093,550,1000,400,43,Refrigerated,WNE1001
2500,3900,2000,PRO1094,Langoustine,80,6400,SEC3094,620,1000,500,43,Refrigerated,WNE1001
2600,3800,2000,PRO1095,Pinot Grigio,65,6400,SEC3095,620,1000,400,43,Refrigerated,WNE1001
1700,4700,2000,PRO1096,Lobster,65,6400,SEC3096,620,500,800,43,Refrigerated,WNE1001
2700,3700,2000,PRO1097,Sauvignon Blanc,65,6400,SEC3097,620,1000,300,33,Refrigerated,WNE1001
2600,3800,2000,PRO1098,Prawn,65,6400,SEC3098,450,1000,400,33,Refrigerated,WNE1001
2700,3700,2000,PRO1099,Cabernet Sauvignon,65,6400,SEC3099,450,1000,300,33,Refrigerated,WNE1001
2700,3700,2200,PRO1100,Crayfish,65,6400,SEC3100,450,1000,500,33,Refrigerated,WNE1001
2800,3600,2200,PRO1101,Pinot Noir,65,6400,SEC3101,450,1000,400,31,Refrigerated,WNE1001
2200,4200,2200,PRO1102,Krill,65,6400,SEC3102,450,500,500,31,Refrigerated,WNE1001
2900,4300,2200,PRO1103,Syrah,70,7200,SEC3103,320,1000,300,41,Refrigerated,WNE1001
2300,4900,2200,PRO1104,Barnacles,70,7200,SEC3104,320,500,400,41,Refrigerated,WNE1001
2700,4500,2200,PRO1105,Land snails,70,7200,SEC3105,320,1000,500,41,Refrigerated,WNE1001
2400,4800,2200,PRO1106,Malbec,71,7200,SEC3106,320,500,300,41,Refrigerated,WNE1001
3200,4000,2200,PRO1107,Whelks,71,7200,SEC3107,452,1500,500,41,Refrigerated,WNE1001
3300,3900,2200,PRO1108,Merlot,71,7200,SEC3108,750,1500,400,41,Refrigerated,WNE1001
6200,1000,6200,PRO1109,Cappuccino,71,7200,SEC3109,650,0,0,37,Refrigerated,WNE1001
6200,1000,6200,PRO1110,Espresso,85,7200,SEC3110,700,0,0,37,Refrigerated,WNE1001
6200,1000,6200,PRO1111,Flat White,85,7200,SEC3111,700,0,0,37,Refrigerated,WNE1001
6200,1000,6200,PRO1112,Long Black,85,7200,SEC3112,700,0,0,37,Refrigerated,WNE1001
6200,1000,6200,PRO1113,Macchiato,45,7200,SEC3113,650,0,0,23,Frozen,WNE1001
6200,1000,6200,PRO1114,Mochaccino,45,7200,SEC3114,650,0,0,23,Frozen,WNE1001
6200,1000,6200,PRO1115,Irish�Coffee,45,7200,SEC3115,650,0,0,23,Frozen,WNE1001
6200,1000,6200,PRO1116,raspberries,85,7200,SEC3116,650,0,0,37,Refrigerated,WNE1001
6200,1000,6200,PRO1117,Blueberries,85,7200,SEC3117,650,0,0,37,Refrigerated,WNE1001
6200,1000,6200,PRO1118,�Kiwifruit,90,7200,SEC3118,750,0,0,37,Refrigerated,WNE1001
6200,1000,6200,PRO1119,�Passionfruit,90,7200,SEC3119,750,0,0,37,Refrigerated,WNE1001
4600,1000,4600,PRO1120,�Rockmelons�,90,5600,SEC3120,550,0,0,37,Refrigerated,WNE1001
4600,1000,4600,PRO1121,Honeydew Melons,90,5600,SEC3121,550,0,0,45,Refrigerated,WNE1001
4600,1000,4600,PRO1122,�Plums,90,5600,SEC3122,550,0,0,45,Refrigerated,WNE1001
4600,1000,4600,PRO1123,mandarins,91,5600,SEC3123,550,0,0,45,Refrigerated,WNE1001
4600,1000,4600,PRO1124,Bacon,91,5600,SEC3124,550,0,0,45,Refrigerated,WNE1001
4600,1000,4600,PRO1125,Sausage,91,5600,SEC3125,321,0,0,45,Refrigerated,WNE1001
4600,1000,4600,PRO1126,Ham,91,5600,SEC3126,321,0,0,45,Refrigerated,WNE1001
4600,1000,4600,PRO1127,Pepperoni,91,5600,SEC3127,321,0,0,40,Refrigerated,WNE1001
4600,1000,4600,PRO1128,Salami�,75,5600,SEC3128,321,0,0,40,Refrigerated,WNE1001
4600,1000,4600,PRO1129,Steak,52,5600,SEC3129,730,0,0,23,Frozen,WNE1001
4600,1000,4600,PRO1130,Ribs�,52,5600,SEC3130,730,0,0,23,Frozen,WNE1001
4600,1000,4600,PRO1131,Lamb Packaged,52,5600,SEC3131,730,0,0,23,Frozen,WNE1001
1400,1000,1400,PRO1132,Turkey Packaged,75,2400,SEC3132,730,0,0,23,Frozen,WNE1001
1400,1000,1400,PRO1133,Venison Packaged,75,2400,SEC3133,730,0,0,23,Frozen,WNE1001
1400,1000,1400,PRO1134,Duck Packaged,45,2400,SEC3134,730,0,0,23,Frozen,WNE1001
1400,1000,1400,PRO1135,Wild Bear Packaged,75,2400,SEC3135,730,0,0,23,Frozen,WNE1001
1400,1000,1400,PRO1136,Bison Packaged,75,2400,SEC3136,730,0,0,23,Frozen,WNE1001
1400,1000,1400,PRO1137,Goose Packaged,75,2400,SEC3137,730,0,0,23,Frozen,WNE1001
1400,1000,1400,PRO1138,Rabbit Packaged,75,2400,SEC3138,550,0,0,23,Frozen,WNE1001
1400,1000,1400,PRO1139,Pheasant Packaged,75,2400,SEC3139,550,0,0,23,Frozen,WNE1001
1400,1000,1400,PRO1140,Brown Ale,75,2400,SEC3140,550,0,0,43,Refrigerated,WNE1001
1400,1000,1400,PRO1141,Pale Ale,80,2400,SEC3141,550,0,0,43,Refrigerated,WNE1001
1400,1000,1400,PRO1142,India Pale Ale (IPA),80,2400,SEC3142,550,0,0,43,Refrigerated,WNE1001
1400,1000,1400,PRO1143,Porter,80,2400,SEC3143,550,0,0,43,Refrigerated,WNE1001
1400,1000,1400,PRO1144,Stout,80,2400,SEC3144,550,0,0,43,Refrigerated,WNE1001
2200,1000,2200,PRO1145,Belgian Style Beer,80,3200,SEC3145,620,0,0,43,Refrigerated,WNE1001
2200,1000,2200,PRO1146,Wheat Beer,65,3200,SEC3146,620,0,0,43,Refrigerated,WNE1001
2200,1000,2200,PRO1147,American Sour,65,3200,SEC3147,620,0,0,43,Refrigerated,WNE1001
2200,1000,2200,PRO1148,Belgian Fruit Lambic,65,3200,SEC3148,620,0,0,33,Refrigerated,WNE1001
2200,1000,2200,PRO1149,Flanders Red Ale,65,3200,SEC3149,450,0,0,33,Refrigerated,WNE1001
2200,1000,2200,PRO1150,Belgian Gueuze,65,3200,SEC3150,450,0,0,33,Refrigerated,WNE1001
2200,1000,2200,PRO1151,Pale Lagers and Pilsners,65,3200,SEC3151,450,0,0,33,Refrigerated,WNE1001
2200,1000,2200,PRO1152,Dark Lagers,65,3200,SEC3152,450,0,0,31,Refrigerated,WNE1001
2200,1000,2200,PRO1153,German-Style Bocks,65,3200,SEC3153,450,0,0,31,Refrigerated,WNE1001
2200,1000,2200,PRO1154,Spaghetti�,70,3200,SEC3154,320,0,0,41,Refrigerated,WNE1001
2200,1000,2200,PRO1155,Tagliatelle,70,3200,SEC3155,320,0,0,41,Refrigerated,WNE1001
2200,1000,2200,PRO1156,Boccoli,70,3200,SEC3156,320,0,0,41,Refrigerated,WNE1001
2200,1000,2200,PRO1157,Anelli,71,3200,SEC3157,320,0,0,41,Refrigerated,WNE1001
2200,1000,2200,PRO1158,Castellane,71,3200,SEC3158,452,0,0,41,Refrigerated,WNE1001
2200,1000,2200,PRO1159,Chifferi,71,3200,SEC3159,750,0,0,41,Refrigerated,WNE1001
2200,1000,2200,PRO1160,Farfalle,71,3200,SEC3160,650,0,0,37,Refrigerated,WNE1001
2300,900,1800,PRO1001,Potatos,70,3200,SEC4001,320,1000,500,41,Refrigerated,WSW1001
2500,700,1800,PRO1002,Onions,70,3200,SEC4002,320,1000,300,41,Refrigerated,WSW1001
2300,900,1800,PRO1003,Tomatos,70,3200,SEC4003,320,1000,500,41,Refrigerated,WSW1001
2400,800,1800,PRO1004,Beet Roots,71,3200,SEC4004,320,1000,400,41,Refrigerated,WSW1001
2000,1200,1800,PRO1005,Carrots,71,3200,SEC4005,452,500,300,41,Refrigerated,WSW1001
2100,5100,1800,PRO1006,Ferrero Rocher,71,7200,SEC4006,750,1000,700,41,Refrigerated,WSW1001
2300,4900,1800,PRO1007,Cadbury Dairy Milk,71,7200,SEC4007,650,1000,500,37,Refrigerated,WSW1001
2400,4800,1800,PRO1008,Hershey's,85,7200,SEC4008,700,1000,400,37,Refrigerated,WSW1001
1800,5400,1800,PRO1009,Skim Milk,85,7200,SEC4009,700,500,500,37,Refrigerated,WSW1001
2400,4800,1800,PRO1010,Lowfat Milk,85,7200,SEC4010,700,1000,400,37,Refrigerated,WSW1001
2000,5200,1800,PRO1011,Jellied eels,45,7200,SEC4011,650,500,300,23,Frozen,WSW1001
2900,4300,1800,PRO1012,MonkFish,45,7200,SEC4012,650,1500,400,23,Frozen,WSW1001
1800,5400,1800,PRO1013,Basa,45,7200,SEC4013,650,500,500,23,Frozen,WSW1001
3000,4200,1800,PRO1014,Yoplait,85,7200,SEC4014,650,1500,300,37,Refrigerated,WSW1001
1900,5300,1800,PRO1015,Chobani,85,7200,SEC4015,650,500,400,37,Refrigerated,WSW1001
2800,4400,1800,PRO1016,Dannon,90,7200,SEC4016,750,1500,500,37,Refrigerated,WSW1001
2500,2300,1800,PRO1017,Apple,90,4800,SEC4017,750,1000,300,37,Refrigerated,WSW1001
1900,2900,1800,PRO1018,Banana,90,4800,SEC4018,550,500,400,37,Refrigerated,WSW1001
2800,2000,1800,PRO1019,Mango,90,4800,SEC4019,550,1500,500,45,Refrigerated,WSW1001
2500,2300,1800,PRO1020,Orange,90,4800,SEC4020,550,1000,300,45,Refrigerated,WSW1001
1700,3100,1600,PRO1021,Strawberries,91,4800,SEC4021,550,500,400,45,Refrigerated,WSW1001
2100,2700,1600,PRO1022,Adobe Breads,91,4800,SEC4022,550,1000,500,45,Refrigerated,WSW1001
1600,3200,1600,PRO1023,Liberica,91,4800,SEC4023,321,500,500,45,Refrigerated,WSW1001
2100,1900,1600,PRO1024,Excelsa,91,4000,SEC4024,321,1000,500,45,Refrigerated,WSW1001
2700,1300,1600,PRO1025,Bigelow�Tea�Company,91,4000,SEC4025,321,1500,400,40,Refrigerated,WSW1001
2300,1700,1600,PRO1026,Yogi�Tea,75,4000,SEC4026,321,1000,300,40,Refrigerated,WSW1001
1700,2300,1600,PRO1027,Chicken Packaged,52,4000,SEC4027,730,500,400,23,Frozen,WSW1001
2800,1200,1600,PRO1028,Beef Packaged,52,4000,SEC4028,730,1500,300,14,Frozen,WSW1001
2300,1700,1600,PRO1029,Pork Packaged,52,4000,SEC4029,730,1000,300,14,Frozen,WSW1001
1700,2300,1600,PRO1030,Philadelphia,75,4000,SEC4030,730,500,400,40,Refrigerated,WSW1001
3000,1000,2000,PRO1031,American Garden,75,4000,SEC4031,730,1500,500,40,Refrigerated,WSW1001
3100,900,2000,PRO1032,Chicken's Egg,45,4000,SEC4032,730,1500,400,14,Frozen,WSW1001
2700,1300,2000,PRO1033,Capcicums,75,4000,SEC4033,730,1000,300,40,Refrigerated,WSW1001
2200,1800,2000,PRO1034,Milk Mist,75,4000,SEC4034,730,500,300,39,Refrigerated,WSW1001
2600,1400,2000,PRO1035,Nandini,75,4000,SEC4035,730,1000,400,39,Refrigerated,WSW1001
2500,1500,2000,PRO1036,Pine Apple,75,4000,SEC4036,550,1000,500,39,Refrigerated,WSW1001
2600,1400,2000,PRO1037,Goava,75,4000,SEC4037,550,1000,400,39,Refrigerated,WSW1001
2000,2000,2000,PRO1038,Anadama Breads,75,4000,SEC4038,550,500,500,43,Refrigerated,WSW1001
2700,1300,2000,PRO1039,Arabica,80,4000,SEC4039,550,1000,300,43,Refrigerated,WSW1001
1700,2300,2000,PRO1040,Lettuce Leaf,80,4000,SEC4040,550,0,300,43,Refrigerated,WSW1001
1700,2300,2000,PRO1041,Zinfandel,80,4000,SEC4041,550,0,300,43,Refrigerated,WSW1001
1700,2300,2000,PRO1042,Syrah,80,4000,SEC4042,550,0,300,43,Refrigerated,WSW1001
1700,2300,2000,PRO1043,Chardonnay,80,4000,SEC4043,620,0,300,43,Refrigerated,WSW1001
1700,2300,2000,PRO1044,Merlot,65,4000,SEC4044,620,0,300,43,Refrigerated,WSW1001
1700,2300,2000,PRO1045,Luzianne�,65,4000,SEC4045,620,0,300,43,Refrigerated,WSW1001
1700,1500,2000,PRO1046,Robusta,65,3200,SEC4046,620,0,300,33,Refrigerated,WSW1001
1700,1500,2000,PRO1047,Red Diamond,65,3200,SEC4047,450,0,300,33,Refrigerated,WSW1001
1700,1500,2000,PRO1048,Boston Brown Breads,65,3200,SEC4048,450,0,300,33,Refrigerated,WSW1001
1700,1500,2000,PRO1049,Cuban Breads,65,3200,SEC4049,450,0,300,33,Refrigerated,WSW1001
1700,1500,2000,PRO1050,Grahum Breads,65,3200,SEC4050,450,0,300,31,Refrigerated,WSW1001
1700,1500,2000,PRO1051,Tazo and Teavana,65,3200,SEC4051,450,0,300,31,Refrigerated,WSW1001
1700,1500,2000,PRO1052,CANDLES,70,3200,SEC4052,320,0,300,41,Refrigerated,WSW1001
1700,1500,2000,PRO1053,FILM,70,3200,SEC4053,320,0,300,41,Refrigerated,WSW1001
2200,1000,2200,PRO1054,ARTWORK,70,3200,SEC4054,320,0,0,41,Refrigerated,WSW1001
2200,1000,2200,PRO1055,PLANTS,71,3200,SEC4055,320,0,0,41,Refrigerated,WSW1001
2200,1000,2200,PRO1056,LIPSTICK,71,3200,SEC4056,452,0,0,41,Refrigerated,WSW1001
2200,1000,2200,PRO1057,COLOGNE,71,3200,SEC4057,750,0,0,41,Refrigerated,WSW1001
2200,1000,2200,PRO1058,MEDICINE,71,3200,SEC4058,650,0,0,37,Refrigerated,WSW1001
2200,1000,2200,PRO1059,Natural peanut butter,85,3200,SEC4059,700,0,0,37,Refrigerated,WSW1001
2200,1000,2200,PRO1060,Home-made cookies,85,3200,SEC4060,700,0,0,37,Refrigerated,WSW1001
2200,1000,2200,PRO1061,Graden seeds,85,3200,SEC4061,700,0,0,37,Refrigerated,WSW1001
2200,1000,2200,PRO1062,Avocados,45,3200,SEC4062,650,0,0,23,Frozen,WSW1001
2200,1000,2200,PRO1063,Whole wheat flour,45,3200,SEC4063,650,0,0,23,Frozen,WSW1001
2200,1000,2200,PRO1064,Cut Flowers,45,3200,SEC4064,650,0,0,23,Frozen,WSW1001
2200,1000,2200,PRO1065,Apricots,85,3200,SEC4065,650,0,0,37,Refrigerated,WSW1001
2200,1000,2200,PRO1066,Asparagus,85,3200,SEC4066,650,0,0,37,Refrigerated,WSW1001
2200,1000,2200,PRO1067,Beans,90,3200,SEC4067,750,0,0,37,Refrigerated,WSW1001
2200,1000,2200,PRO1068,Broccoli,90,3200,SEC4068,750,0,0,37,Refrigerated,WSW1001
2200,1000,2200,PRO1069,Black berry,90,3200,SEC4069,550,0,0,37,Refrigerated,WSW1001
2200,1000,2200,PRO1070,Cabbage,90,3200,SEC4070,550,0,0,45,Refrigerated,WSW1001
2200,1000,2200,PRO1071,Cauliflower,90,3200,SEC4071,550,0,0,45,Refrigerated,WSW1001
2200,1000,2200,PRO1072,Cherries,91,3200,SEC4072,550,0,0,45,Refrigerated,WSW1001
2200,1000,2200,PRO1073,Cucumber,91,3200,SEC4073,550,0,0,45,Refrigerated,WSW1001
2200,1000,2200,PRO1074,Brinjal,91,3200,SEC4074,321,0,0,45,Refrigerated,WSW1001
2200,1000,2200,PRO1075,Grapes,91,3200,SEC4075,321,0,0,45,Refrigerated,WSW1001
2200,1000,2200,PRO1076,Lemons,91,3200,SEC4076,321,0,0,40,Refrigerated,WSW1001
2200,1000,2200,PRO1077,Lettuce,75,3200,SEC4077,321,0,0,40,Refrigerated,WSW1001
2200,1000,2200,PRO1078,Lime,52,3200,SEC4078,730,0,0,23,Frozen,WSW1001
2200,1000,2200,PRO1079,Melon water,52,3200,SEC4079,730,0,0,14,Frozen,WSW1001
2300,900,1600,PRO1080,Peach,52,3200,SEC4080,730,1000,300,14,Frozen,WSW1001
1700,1500,1600,PRO1081,Cod,75,3200,SEC4081,730,500,400,40,Refrigerated,WSW1001
3000,2600,2000,PRO1082,Salmon,75,5600,SEC4082,730,1500,500,40,Refrigerated,WSW1001
3100,2500,2000,PRO1083,Trout,45,5600,SEC4083,730,1500,400,14,Frozen,WSW1001
2700,2900,2000,PRO1084,Tuna,75,5600,SEC4084,730,1000,300,40,Refrigerated,WSW1001
2200,3400,2000,PRO1085,Haddock,75,5600,SEC4085,730,500,300,39,Refrigerated,WSW1001
2600,3000,2000,PRO1086,Sea bream,75,5600,SEC4086,730,1000,400,39,Refrigerated,WSW1001
2500,3100,2000,PRO1087,Plaice,75,5600,SEC4087,550,1000,500,39,Refrigerated,WSW1001
2600,3000,2000,PRO1088,Shark,75,5600,SEC4088,550,1000,400,39,Refrigerated,WSW1001
2000,3600,2000,PRO1089,Squid,75,5600,SEC4089,550,500,500,43,Refrigerated,WSW1001
2700,2900,2000,PRO1090,Crab,80,5600,SEC4090,550,1000,300,43,Refrigerated,WSW1001
2600,3000,2000,PRO1091,Chardonnay,80,5600,SEC4091,550,1000,400,43,Refrigerated,WSW1001
2700,2900,2000,PRO1092,Shrimps,80,5600,SEC4092,550,1000,300,43,Refrigerated,WSW1001
2700,2900,2200,PRO1093,Riesling,80,5600,SEC4093,550,1000,500,43,Refrigerated,WSW1001
2800,2800,2200,PRO1094,Langoustine,80,5600,SEC4094,620,1000,400,43,Refrigerated,WSW1001
2200,3400,2200,PRO1095,Pinot Grigio,65,5600,SEC4095,620,500,500,43,Refrigerated,WSW1001
2900,2700,2200,PRO1096,Lobster,65,5600,SEC4096,620,1000,300,43,Refrigerated,WSW1001
2300,4900,2200,PRO1097,Sauvignon Blanc,65,7200,SEC4097,620,500,400,33,Refrigerated,WSW1001
2700,4500,2200,PRO1098,Prawn,65,7200,SEC4098,450,1000,500,33,Refrigerated,WSW1001
2400,4800,2200,PRO1099,Cabernet Sauvignon,65,7200,SEC4099,450,500,300,33,Refrigerated,WSW1001
3200,4000,2200,PRO1100,Crayfish,65,7200,SEC4100,450,1500,500,33,Refrigerated,WSW1001
3300,3900,2200,PRO1101,Pinot Noir,65,7200,SEC4101,450,1500,400,31,Refrigerated,WSW1001
2500,4700,1800,PRO1102,Krill,65,7200,SEC4102,450,1000,300,31,Refrigerated,WSW1001
2500,4700,1800,PRO1103,Syrah,70,7200,SEC4103,320,1000,300,41,Refrigerated,WSW1001
2500,4700,1800,PRO1104,Barnacles,70,7200,SEC4104,320,1000,300,41,Refrigerated,WSW1001
2500,4700,1800,PRO1105,Land snails,70,7200,SEC4105,320,1000,300,41,Refrigerated,WSW1001
2400,4800,1800,PRO1106,Malbec,71,7200,SEC4106,320,1000,400,41,Refrigerated,WSW1001
2000,5200,1800,PRO1107,Whelks,71,7200,SEC4107,452,500,300,41,Refrigerated,WSW1001
2300,4900,1800,PRO1108,Merlot,71,7200,SEC4108,750,1000,500,41,Refrigerated,WSW1001
2300,4900,1800,PRO1109,Cappuccino,71,7200,SEC4109,650,1000,500,37,Refrigerated,WSW1001
2400,4800,1800,PRO1110,Espresso,85,7200,SEC4110,700,1000,400,37,Refrigerated,WSW1001
1800,5400,1800,PRO1111,Flat White,85,7200,SEC4111,700,500,500,37,Refrigerated,WSW1001
2400,4800,1800,PRO1112,Long Black,85,7200,SEC4112,700,1000,400,37,Refrigerated,WSW1001
2000,5200,1800,PRO1113,Macchiato,45,7200,SEC4113,650,500,300,23,Frozen,WSW1001
2900,4300,1800,PRO1114,Mochaccino,45,7200,SEC4114,650,1500,400,23,Frozen,WSW1001
1800,5400,1800,PRO1115,Irish�Coffee,45,7200,SEC4115,650,500,500,23,Frozen,WSW1001
3000,4200,1800,PRO1116,raspberries,85,7200,SEC4116,650,1500,300,37,Refrigerated,WSW1001
1900,5300,1800,PRO1117,Blueberries,85,7200,SEC4117,650,500,400,37,Refrigerated,WSW1001
2800,4400,1800,PRO1118,�Kiwifruit,90,7200,SEC4118,750,1500,500,37,Refrigerated,WSW1001
2500,4700,1800,PRO1119,�Passionfruit,90,7200,SEC4119,750,1000,300,37,Refrigerated,WSW1001
1900,5300,1800,PRO1120,�Rockmelons�,90,7200,SEC4120,550,500,400,37,Refrigerated,WSW1001
2800,4400,1800,PRO1121,Honeydew Melons,90,7200,SEC4121,550,1500,500,45,Refrigerated,WSW1001
2500,4700,1800,PRO1122,�Plums,90,7200,SEC4122,550,1000,300,45,Refrigerated,WSW1001
1700,5500,1600,PRO1123,mandarins,91,7200,SEC4123,550,500,400,45,Refrigerated,WSW1001
2100,5100,1600,PRO1124,Bacon,91,7200,SEC4124,550,1000,500,45,Refrigerated,WSW1001
1600,5600,1600,PRO1125,Sausage,91,7200,SEC4125,321,500,500,45,Refrigerated,WSW1001
2100,5100,1600,PRO1126,Ham,91,7200,SEC4126,321,1000,500,45,Refrigerated,WSW1001
2700,4500,1600,PRO1127,Pepperoni,91,7200,SEC4127,321,1500,400,40,Refrigerated,WSW1001
2300,4900,1600,PRO1128,Salami�,75,7200,SEC4128,321,1000,300,40,Refrigerated,WSW1001
1700,5500,1600,PRO1129,Steak,52,7200,SEC4129,730,500,400,23,Frozen,WSW1001
2800,4400,1600,PRO1130,Ribs�,52,7200,SEC4130,730,1500,300,23,Frozen,WSW1001
2300,1700,1600,PRO1131,Lamb Packaged,52,4000,SEC4131,730,1000,300,23,Frozen,WSW1001
1700,2300,1600,PRO1132,Turkey Packaged,75,4000,SEC4132,730,500,400,23,Frozen,WSW1001
3000,1000,2000,PRO1133,Venison Packaged,75,4000,SEC4133,730,1500,500,23,Frozen,WSW1001
3100,900,2000,PRO1134,Duck Packaged,45,4000,SEC4134,730,1500,400,23,Frozen,WSW1001
2700,1300,2000,PRO1135,Wild Bear Packaged,75,4000,SEC4135,730,1000,300,23,Frozen,WSW1001
2200,1800,2000,PRO1136,Bison Packaged,75,4000,SEC4136,730,500,300,23,Frozen,WSW1001
2600,1400,2000,PRO1137,Goose Packaged,75,4000,SEC4137,730,1000,400,23,Frozen,WSW1001
2500,1500,2000,PRO1138,Rabbit Packaged,75,4000,SEC4138,550,1000,500,23,Frozen,WSW1001
2600,1400,2000,PRO1139,Pheasant Packaged,75,4000,SEC4139,550,1000,400,23,Frozen,WSW1001
2000,2000,2000,PRO1140,Brown Ale,75,4000,SEC4140,550,500,500,43,Refrigerated,WSW1001
2700,1300,2000,PRO1141,Pale Ale,80,4000,SEC4141,550,1000,300,43,Refrigerated,WSW1001
2600,2200,2000,PRO1142,India Pale Ale (IPA),80,4800,SEC4142,550,1000,400,43,Refrigerated,WSW1001
2700,2100,2000,PRO1143,Porter,80,4800,SEC4143,550,1000,300,43,Refrigerated,WSW1001
2700,2100,2200,PRO1144,Stout,80,4800,SEC4144,550,1000,500,43,Refrigerated,WSW1001
2800,2000,2200,PRO1145,Belgian Style Beer,80,4800,SEC4145,620,1000,400,43,Refrigerated,WSW1001
2200,2600,2200,PRO1146,Wheat Beer,65,4800,SEC4146,620,500,500,43,Refrigerated,WSW1001
2900,1900,2200,PRO1147,American Sour,65,4800,SEC4147,620,1000,300,43,Refrigerated,WSW1001
2300,2500,2200,PRO1148,Belgian Fruit Lambic,65,4800,SEC4148,620,500,400,33,Refrigerated,WSW1001
2700,2100,2200,PRO1149,Flanders Red Ale,65,4800,SEC4149,450,1000,500,33,Refrigerated,WSW1001
3800,1000,3800,PRO1150,Belgian Gueuze,65,4800,SEC4150,450,0,0,33,Refrigerated,WSW1001
3800,1000,3800,PRO1151,Pale Lagers and Pilsners,65,4800,SEC4151,450,0,0,33,Refrigerated,WSW1001
3800,1000,3800,PRO1152,Dark Lagers,65,4800,SEC4152,450,0,0,31,Refrigerated,WSW1001
3800,1000,3800,PRO1153,German-Style Bocks,65,4800,SEC4153,450,0,0,31,Refrigerated,WSW1001
3800,1000,3800,PRO1154,Spaghetti�,70,4800,SEC4154,320,0,0,41,Refrigerated,WSW1001
3800,1000,3800,PRO1155,Tagliatelle,70,4800,SEC4155,320,0,0,41,Refrigerated,WSW1001
2200,1000,2200,PRO1156,Boccoli,70,3200,SEC4156,320,0,0,41,Refrigerated,WSW1001
2200,1000,2200,PRO1157,Anelli,71,3200,SEC4157,320,0,0,41,Refrigerated,WSW1001
2200,1000,2200,PRO1158,Castellane,71,3200,SEC4158,452,0,0,41,Refrigerated,WSW1001
2200,1000,2200,PRO1159,Chifferi,71,3200,SEC4159,750,0,0,41,Refrigerated,WSW1001
2200,1000,2200,PRO1160,Farfalle,71,3200,SEC4160,650,0,0,37,Refrigerated,WSW1001
2400,800,1800,PRO1001,Potatos,70,3200,SEC5001,320,1000,400,41,Refrigerated,WSE1001
1800,1400,1800,PRO1002,Onions,70,3200,SEC5002,320,500,500,41,Refrigerated,WSE1001
2400,3200,1800,PRO1003,Tomatos,70,5600,SEC5003,320,1000,400,41,Refrigerated,WSE1001
2000,3600,1800,PRO1004,Beet Roots,71,5600,SEC5004,320,500,300,41,Refrigerated,WSE1001
2900,2700,1800,PRO1005,Carrots,71,5600,SEC5005,452,1500,400,41,Refrigerated,WSE1001
1800,3800,1800,PRO1006,Ferrero Rocher,71,5600,SEC5006,750,500,500,41,Refrigerated,WSE1001
3000,2600,1800,PRO1007,Cadbury Dairy Milk,71,5600,SEC5007,650,1500,300,37,Refrigerated,WSE1001
1900,3700,1800,PRO1008,Hershey's,85,5600,SEC5008,700,500,400,37,Refrigerated,WSE1001
2800,2800,1800,PRO1009,Skim Milk,85,5600,SEC5009,700,1500,500,37,Refrigerated,WSE1001
2500,3100,1800,PRO1010,Lowfat Milk,85,5600,SEC5010,700,1000,300,37,Refrigerated,WSE1001
1900,3700,1800,PRO1011,Jellied eels,45,5600,SEC5011,650,500,400,23,Frozen,WSE1001
2800,2800,1800,PRO1012,MonkFish,45,5600,SEC5012,650,1500,500,23,Frozen,WSE1001
2500,3100,1800,PRO1013,Basa,45,5600,SEC5013,650,1000,300,23,Frozen,WSE1001
1700,3900,1600,PRO1014,Yoplait,85,5600,SEC5014,650,500,400,37,Refrigerated,WSE1001
2100,3500,1600,PRO1015,Chobani,85,5600,SEC5015,650,1000,500,37,Refrigerated,WSE1001
1600,4000,1600,PRO1016,Dannon,90,5600,SEC5016,750,500,500,37,Refrigerated,WSE1001
2100,3500,1600,PRO1017,Apple,90,5600,SEC5017,750,1000,500,37,Refrigerated,WSE1001
2700,2900,1600,PRO1018,Banana,90,5600,SEC5018,550,1500,400,37,Refrigerated,WSE1001
2300,3300,1600,PRO1019,Mango,90,5600,SEC5019,550,1000,300,45,Refrigerated,WSE1001
1700,4700,1600,PRO1020,Orange,90,6400,SEC5020,550,500,400,45,Refrigerated,WSE1001
5400,1000,5400,PRO1021,Strawberries,91,6400,SEC5021,550,0,0,45,Refrigerated,WSE1001
5400,1000,5400,PRO1022,Adobe Breads,91,6400,SEC5022,550,0,0,45,Refrigerated,WSE1001
5400,1000,5400,PRO1023,Liberica,91,6400,SEC5023,321,0,0,45,Refrigerated,WSE1001
5400,1000,5400,PRO1024,Excelsa,91,6400,SEC5024,321,0,0,45,Refrigerated,WSE1001
5400,1000,5400,PRO1025,Bigelow�Tea�Company,91,6400,SEC5025,321,0,0,40,Refrigerated,WSE1001
5400,1000,5400,PRO1026,Yogi�Tea,75,6400,SEC5026,321,0,0,40,Refrigerated,WSE1001
5400,1000,5400,PRO1027,Chicken Packaged,52,6400,SEC5027,730,0,0,23,Frozen,WSE1001
5400,1000,5400,PRO1028,Beef Packaged,52,6400,SEC5028,730,0,0,14,Frozen,WSE1001
5400,1000,5400,PRO1029,Pork Packaged,52,6400,SEC5029,730,0,0,14,Frozen,WSE1001
5400,1000,5400,PRO1030,Philadelphia,75,6400,SEC5030,730,0,0,40,Refrigerated,WSE1001
2000,4400,2000,PRO1031,American Garden,75,6400,SEC5031,730,500,500,40,Refrigerated,WSE1001
2700,3700,2000,PRO1032,Chicken's Egg,45,6400,SEC5032,730,1000,300,14,Frozen,WSE1001
2600,3800,2000,PRO1033,Capcicums,75,6400,SEC5033,730,1000,400,40,Refrigerated,WSE1001
2700,3700,2000,PRO1034,Milk Mist,75,6400,SEC5034,730,1000,300,39,Refrigerated,WSE1001
2300,4100,2200,PRO1035,Nandini,75,6400,SEC5035,730,1000,900,39,Refrigerated,WSE1001
2800,3600,2200,PRO1036,Pine Apple,75,6400,SEC5036,550,1000,400,39,Refrigerated,WSE1001
2200,4200,2200,PRO1037,Goava,75,6400,SEC5037,550,500,500,39,Refrigerated,WSE1001
2900,4300,2200,PRO1038,Anadama Breads,75,7200,SEC5038,550,1000,300,43,Refrigerated,WSE1001
1900,5300,2200,PRO1039,Arabica,80,7200,SEC5039,550,500,800,43,Refrigerated,WSE1001
2700,4500,2200,PRO1040,Lettuce Leaf,80,7200,SEC5040,550,1000,500,43,Refrigerated,WSE1001
2400,4800,2200,PRO1041,Zinfandel,80,7200,SEC5041,550,500,300,43,Refrigerated,WSE1001
3200,4000,2200,PRO1042,Syrah,80,7200,SEC5042,550,1500,500,43,Refrigerated,WSE1001
3300,3900,2200,PRO1043,Chardonnay,80,7200,SEC5043,620,1500,400,43,Refrigerated,WSE1001
2500,4700,1800,PRO1044,Merlot,65,7200,SEC5044,620,1000,300,43,Refrigerated,WSE1001
2500,4700,1800,PRO1045,Luzianne�,65,7200,SEC5045,620,1000,300,43,Refrigerated,WSE1001
2500,4700,1800,PRO1046,Robusta,65,7200,SEC5046,620,1000,300,33,Refrigerated,WSE1001
2500,4700,1800,PRO1047,Red Diamond,65,7200,SEC5047,450,1000,300,33,Refrigerated,WSE1001
2400,4800,1800,PRO1048,Boston Brown Breads,65,7200,SEC5048,450,1000,400,33,Refrigerated,WSE1001
2000,5200,1800,PRO1049,Cuban Breads,65,7200,SEC5049,450,500,300,33,Refrigerated,WSE1001
2300,4900,1800,PRO1050,Grahum Breads,65,7200,SEC5050,450,1000,500,31,Refrigerated,WSE1001
6200,1000,6200,PRO1051,Tazo and Teavana,65,7200,SEC5051,450,0,0,31,Refrigerated,WSE1001
2400,4800,1800,PRO1052,CANDLES,70,7200,SEC5052,320,1000,400,41,Refrigerated,WSE1001
1800,5400,1800,PRO1053,FILM,70,7200,SEC5053,320,500,500,41,Refrigerated,WSE1001
2400,4800,1800,PRO1054,ARTWORK,70,7200,SEC5054,320,1000,400,41,Refrigerated,WSE1001
2000,3600,1800,PRO1055,PLANTS,71,5600,SEC5055,320,500,300,41,Refrigerated,WSE1001
2900,2700,1800,PRO1056,LIPSTICK,71,5600,SEC5056,452,1500,400,41,Refrigerated,WSE1001
1800,3800,1800,PRO1057,COLOGNE,71,5600,SEC5057,750,500,500,41,Refrigerated,WSE1001
3000,2600,1800,PRO1058,MEDICINE,71,5600,SEC5058,650,1500,300,37,Refrigerated,WSE1001
1900,3700,1800,PRO1059,Natural peanut butter,85,5600,SEC5059,700,500,400,37,Refrigerated,WSE1001
2800,2800,1800,PRO1060,Home-made cookies,85,5600,SEC5060,700,1500,500,37,Refrigerated,WSE1001
2500,3100,1800,PRO1061,Graden seeds,85,5600,SEC5061,700,1000,300,37,Refrigerated,WSE1001
1900,3700,1800,PRO1062,Avocados,45,5600,SEC5062,650,500,400,23,Frozen,WSE1001
2800,2800,1800,PRO1063,Whole wheat flour,45,5600,SEC5063,650,1500,500,23,Frozen,WSE1001
2500,3100,1800,PRO1064,Cut Flowers,45,5600,SEC5064,650,1000,300,23,Frozen,WSE1001
1700,3900,1600,PRO1065,Apricots,85,5600,SEC5065,650,500,400,37,Refrigerated,WSE1001
2100,3500,1600,PRO1066,Asparagus,85,5600,SEC5066,650,1000,500,37,Refrigerated,WSE1001
1600,800,1600,PRO1067,Beans,90,2400,SEC5067,750,500,500,37,Refrigerated,WSE1001
2100,300,1600,PRO1068,Broccoli,90,2400,SEC5068,750,1000,500,37,Refrigerated,WSE1001
2700,300,1600,PRO1069,Black berry,90,3000,SEC5069,550,1500,400,37,Refrigerated,WSE1001
2300,100,1600,PRO1070,Cabbage,90,2400,SEC5070,550,1000,300,45,Refrigerated,WSE1001
1700,700,1600,PRO1071,Cauliflower,90,2400,SEC5071,550,500,400,45,Refrigerated,WSE1001
2800,200,1600,PRO1072,Cherries,91,3000,SEC5072,550,1500,300,45,Refrigerated,WSE1001
2300,100,1600,PRO1073,Cucumber,91,2400,SEC5073,550,1000,300,45,Refrigerated,WSE1001
1700,700,1600,PRO1074,Brinjal,91,2400,SEC5074,321,500,400,45,Refrigerated,WSE1001
3000,200,2000,PRO1075,Grapes,91,3200,SEC5075,321,1500,500,45,Refrigerated,WSE1001
3100,100,2000,PRO1076,Lemons,91,3200,SEC5076,321,1500,400,40,Refrigerated,WSE1001
2700,300,2000,PRO1077,Lettuce,75,3000,SEC5077,321,1000,300,40,Refrigerated,WSE1001
2200,200,2000,PRO1078,Lime,52,2400,SEC5078,730,500,300,23,Frozen,WSE1001
2600,400,2000,PRO1079,Melon water,52,3000,SEC5079,730,1000,400,14,Frozen,WSE1001
2500,700,2000,PRO1080,Peach,52,3200,SEC5080,730,1000,500,14,Frozen,WSE1001
2600,600,2000,PRO1081,Cod,75,3200,SEC5081,730,1000,400,40,Refrigerated,WSE1001
2000,1200,2000,PRO1082,Salmon,75,3200,SEC5082,730,500,500,40,Refrigerated,WSE1001
2700,500,2000,PRO1083,Trout,45,3200,SEC5083,730,1000,300,14,Frozen,WSE1001
2600,600,2000,PRO1084,Tuna,75,3200,SEC5084,730,1000,400,40,Refrigerated,WSE1001
2700,500,2000,PRO1085,Haddock,75,3200,SEC5085,730,1000,300,39,Refrigerated,WSE1001
2700,500,2200,PRO1086,Sea bream,75,3200,SEC5086,730,1000,500,39,Refrigerated,WSE1001
2800,400,2200,PRO1087,Plaice,75,3200,SEC5087,550,1000,400,39,Refrigerated,WSE1001
2200,1000,2200,PRO1088,Shark,75,3200,SEC5088,550,500,500,39,Refrigerated,WSE1001
2900,300,2200,PRO1089,Squid,75,3200,SEC5089,550,1000,300,43,Refrigerated,WSE1001
2300,900,2200,PRO1090,Crab,80,3200,SEC5090,550,500,400,43,Refrigerated,WSE1001
2700,500,2200,PRO1091,Chardonnay,80,3200,SEC5091,550,1000,500,43,Refrigerated,WSE1001
2400,800,2200,PRO1092,Shrimps,80,3200,SEC5092,550,500,300,43,Refrigerated,WSE1001
1900,1300,2200,PRO1093,Riesling,80,3200,SEC5093,550,0,300,43,Refrigerated,WSE1001
1900,1300,2200,PRO1094,Langoustine,80,3200,SEC5094,620,0,300,43,Refrigerated,WSE1001
1900,1300,2200,PRO1095,Pinot Grigio,65,3200,SEC5095,620,0,300,43,Refrigerated,WSE1001
1900,1300,2200,PRO1096,Lobster,65,3200,SEC5096,620,0,300,43,Refrigerated,WSE1001
1900,1300,2200,PRO1097,Sauvignon Blanc,65,3200,SEC5097,620,0,300,33,Refrigerated,WSE1001
2200,1000,2200,PRO1098,Prawn,65,3200,SEC5098,450,0,0,33,Refrigerated,WSE1001
2200,1000,2200,PRO1099,Cabernet Sauvignon,65,3200,SEC5099,450,0,0,33,Refrigerated,WSE1001
2200,1000,2200,PRO1100,Crayfish,65,3200,SEC5100,450,0,0,33,Refrigerated,WSE1001
6200,1000,6200,PRO1101,Pinot Noir,65,7200,SEC5101,450,0,0,31,Refrigerated,WSE1001
6200,1000,6200,PRO1102,Krill,65,7200,SEC5102,450,0,0,31,Refrigerated,WSE1001
6200,1000,6200,PRO1103,Syrah,70,7200,SEC5103,320,0,0,41,Refrigerated,WSE1001
1800,5400,1800,PRO1104,Barnacles,70,7200,SEC5104,320,500,500,41,Refrigerated,WSE1001
2400,4800,1800,PRO1105,Land snails,70,7200,SEC5105,320,1000,400,41,Refrigerated,WSE1001
2000,5200,1800,PRO1106,Malbec,71,7200,SEC5106,320,500,300,41,Refrigerated,WSE1001
2900,4300,1800,PRO1107,Whelks,71,7200,SEC5107,452,1500,400,41,Refrigerated,WSE1001
1800,5400,1800,PRO1108,Merlot,71,7200,SEC5108,750,500,500,41,Refrigerated,WSE1001
3000,4200,1800,PRO1109,Cappuccino,71,7200,SEC5109,650,1500,300,37,Refrigerated,WSE1001
1900,5300,1800,PRO1110,Espresso,85,7200,SEC5110,700,500,400,37,Refrigerated,WSE1001
2800,4400,1800,PRO1111,Flat White,85,7200,SEC5111,700,1500,500,37,Refrigerated,WSE1001
2500,2300,1800,PRO1112,Long Black,85,4800,SEC5112,700,1000,300,37,Refrigerated,WSE1001
1900,2900,1800,PRO1113,Macchiato,45,4800,SEC5113,650,500,400,23,Frozen,WSE1001
2800,2000,1800,PRO1114,Mochaccino,45,4800,SEC5114,650,1500,500,23,Frozen,WSE1001
2500,2300,1800,PRO1115,Irish�Coffee,45,4800,SEC5115,650,1000,300,23,Frozen,WSE1001
1700,3100,1600,PRO1116,raspberries,85,4800,SEC5116,650,500,400,37,Refrigerated,WSE1001
2100,2700,1600,PRO1117,Blueberries,85,4800,SEC5117,650,1000,500,37,Refrigerated,WSE1001
1600,3200,1600,PRO1118,�Kiwifruit,90,4800,SEC5118,750,500,500,37,Refrigerated,WSE1001
2100,1900,1600,PRO1119,�Passionfruit,90,4000,SEC5119,750,1000,500,37,Refrigerated,WSE1001
2700,1300,1600,PRO1120,�Rockmelons�,90,4000,SEC5120,550,1500,400,37,Refrigerated,WSE1001
2300,1700,1600,PRO1121,Honeydew Melons,90,4000,SEC5121,550,1000,300,45,Refrigerated,WSE1001
1700,2300,1600,PRO1122,�Plums,90,4000,SEC5122,550,500,400,45,Refrigerated,WSE1001
2800,1200,1600,PRO1123,mandarins,91,4000,SEC5123,550,1500,300,45,Refrigerated,WSE1001
2300,1700,1600,PRO1124,Bacon,91,4000,SEC5124,550,1000,300,45,Refrigerated,WSE1001
1700,2300,1600,PRO1125,Sausage,91,4000,SEC5125,321,500,400,45,Refrigerated,WSE1001
3000,2600,2000,PRO1126,Ham,91,5600,SEC5126,321,1500,500,45,Refrigerated,WSE1001
3100,2500,2000,PRO1127,Pepperoni,91,5600,SEC5127,321,1500,400,40,Refrigerated,WSE1001
2700,2900,2000,PRO1128,Salami�,75,5600,SEC5128,321,1000,300,40,Refrigerated,WSE1001
2200,3400,2000,PRO1129,Steak,52,5600,SEC5129,730,500,300,23,Frozen,WSE1001
2600,3000,2000,PRO1130,Ribs�,52,5600,SEC5130,730,1000,400,23,Frozen,WSE1001
2500,3100,2000,PRO1131,Lamb Packaged,52,5600,SEC5131,730,1000,500,23,Frozen,WSE1001
2600,3000,2000,PRO1132,Turkey Packaged,75,5600,SEC5132,730,1000,400,23,Frozen,WSE1001
2000,3600,2000,PRO1133,Venison Packaged,75,5600,SEC5133,730,500,500,23,Frozen,WSE1001
2700,2900,2000,PRO1134,Duck Packaged,45,5600,SEC5134,730,1000,300,23,Frozen,WSE1001
2600,3000,2000,PRO1135,Wild Bear Packaged,75,5600,SEC5135,730,1000,400,23,Frozen,WSE1001
2700,2900,2000,PRO1136,Bison Packaged,75,5600,SEC5136,730,1000,300,23,Frozen,WSE1001
2700,2900,2200,PRO1137,Goose Packaged,75,5600,SEC5137,730,1000,500,23,Frozen,WSE1001
2800,4400,2200,PRO1138,Rabbit Packaged,75,7200,SEC5138,550,1000,400,23,Frozen,WSE1001
2200,5000,2200,PRO1139,Pheasant Packaged,75,7200,SEC5139,550,500,500,23,Frozen,WSE1001
2900,4300,2200,PRO1140,Brown Ale,75,7200,SEC5140,550,1000,300,43,Refrigerated,WSE1001
2300,4900,2200,PRO1141,Pale Ale,80,7200,SEC5141,550,500,400,43,Refrigerated,WSE1001
2700,4500,2200,PRO1142,India Pale Ale (IPA),80,7200,SEC5142,550,1000,500,43,Refrigerated,WSE1001
2400,4800,2200,PRO1143,Porter,80,7200,SEC5143,550,500,300,43,Refrigerated,WSE1001
3200,4000,2200,PRO1144,Stout,80,7200,SEC5144,550,1500,500,43,Refrigerated,WSE1001
3300,3900,2200,PRO1145,Belgian Style Beer,80,7200,SEC5145,620,1500,400,43,Refrigerated,WSE1001
2500,4700,1800,PRO1146,Wheat Beer,65,7200,SEC5146,620,1000,300,43,Refrigerated,WSE1001
2500,4700,1800,PRO1147,American Sour,65,7200,SEC5147,620,1000,300,43,Refrigerated,WSE1001
2500,4700,1800,PRO1148,Belgian Fruit Lambic,65,7200,SEC5148,620,1000,300,33,Refrigerated,WSE1001
2500,4700,1800,PRO1149,Flanders Red Ale,65,7200,SEC5149,450,1000,300,33,Refrigerated,WSE1001
2400,4800,1800,PRO1150,Belgian Gueuze,65,7200,SEC5150,450,1000,400,33,Refrigerated,WSE1001
2000,5200,1800,PRO1151,Pale Lagers and Pilsners,65,7200,SEC5151,450,500,300,33,Refrigerated,WSE1001
2300,4900,1800,PRO1152,Dark Lagers,65,7200,SEC5152,450,1000,500,31,Refrigerated,WSE1001
2300,4900,1800,PRO1153,German-Style Bocks,65,7200,SEC5153,450,1000,500,31,Refrigerated,WSE1001
2400,4800,1800,PRO1154,Spaghetti�,70,7200,SEC5154,320,1000,400,41,Refrigerated,WSE1001
1800,5400,1800,PRO1155,Tagliatelle,70,7200,SEC5155,320,500,500,41,Refrigerated,WSE1001
2400,4800,1800,PRO1156,Boccoli,70,7200,SEC5156,320,1000,400,41,Refrigerated,WSE1001
2000,5200,1800,PRO1157,Anelli,71,7200,SEC5157,320,500,300,41,Refrigerated,WSE1001
2900,4300,1800,PRO1158,Castellane,71,7200,SEC5158,452,1500,400,41,Refrigerated,WSE1001
1800,5400,1800,PRO1159,Chifferi,71,7200,SEC5159,750,500,500,41,Refrigerated,WSE1001
3000,4200,1800,PRO1160,Farfalle,71,7200,SEC5160,650,1500,300,37,Refrigerated,WSE1001
